,会社名,URL,タイトル,経験,技術領域,形式,言語タグ,本文
0,ACCESS,"https://www.access-company.com/recruit/workstyle/intern/

※メールでの申込も可能。  
インターンシップ担当：empinfo_new_o-gr@access-company.com ",［Online］1Day Web プラットフォーム開発インターン ～ブラウザでスマートテレビのUIをつくろう！～,,,体験,"C,JavaScript","Web プラットフォーム開発エンジニアとして、 スマートテレビの UI 開発に関する疑似プロジェクトを体験。
具体的にはスマートテレビ上で動作する HTML5 アプリケーションの開発と、
自社製品「NetFront Browser BE」のベースである Chromium を使用したブラウザの機能拡張を通して、
Webプラットフォーム上で実際に行われる設計から実装、テストまでの一連の開発の流れを体験できます。
 
 開発言語: C++、JavaScript 。
 基礎レベルの経験があれば大丈夫です。
 
 また、エンジニアが4名程度アドバイザーとして参加しますので、
 オンラインでありながらも実際の社風を感じることができます！
 
 * NetFront Browser BE：4K・8K テレビやコネクテッドカー等の組み込み機器向けに小メモリ化、高性能化を実現した自社製品の組み込みブラウザ"
1,ACCESS,"https://www.access-company.com/recruit/workstyle/intern/   

※メールでの申込も可能。
 インターンシップ担当：empinfo_new_o-gr@access-company.com",［Online］2Daysサーバーサイドエンジニアインターン ～仮想IoTデバイスの監視サービス開発体験～,,,体験,,自社OSSであるAntikythera; Frameworkを利用した 「仮想IoTデバイスの監視サービス」の開発体験を行なっていただきます。  お掃除ロボット（仮想IoTデバイス）がエラー起きた際に、 自社製品チャットアプリLinkitに対して、メッセージ通知するbotの作成を設計から実装まで行います。  （お掃除ロボットを想定しておりますが、変更の可能性があります。）    開発言語：Elixir  他の言語経験があれば未経験でも大丈夫！  初日に簡単なElixir講座を実施します。    また、エンジニアが4名程度アドバイザーとして参加しますので、 オンラインでありながらも実際の社風を感じることができます！
2,Acroquest Technology,https://recruit.acroquest.co.jp/remote1day-internship/,[Online] リモート1Dayインターンシップ現場エンジニアによる機械学習/Pythonセミナー,,,体験,Python,"
IT業界やエンジニアに少しでも興味のある学生必見の
内容になっています！

① 現場エンジニアによる機械学習/Pythonハンズオン‬
‪② トップエンジニアによる最先端IT事業 + IT業界説明‬
‪③ 技術を支える働きがいNo.1の社風紹介‬
‪④ トップ層から若手まで参加する懇談会‬
"
3,Amazon Web Services (AWS)a/zàwwsa,https://amazonjpstudents.splashthat.com/,Solutions Architect 3 day virtual Internship,,,体験,,AWS のサービスを組み合わせてお客様の課題解決を技術的に支援するソリューションアーキテクトの業務を想定して、学生数名チームで実在する大規模コンシューマー向けサービスを実現するアーキテクチャを設計し、その内容を他のインターン参加者や社員に対して発表するという課題を予定しています。インターシップのプログラムの中には他のポジションの紹介や、社員との交流会も予定しているため、Amazon/AWSのカルチャーやキャリアパス等についても学べる場となっております。当インターンシップは選考直結型のプログラムです。
4,Amazon Web Services (AWS)zai,https://amazonjpstudents.splashthat.com/,Cloud Suport Engineer 3 days Internship;;,,,体験,,"AWSをご利用頂いているお客様の技術的課題の解決や、より効果的に使っていただくための提案をするエンジニアポジションです。
AWSのサービスについて実践的な研修を受け、個人及びグループ課題に取り組んでいただきます。ご自身の技術力をいかすことはもちろんのこと、スキルアップを目指せるプログラムです。
また新入社員や海外で活躍する日本人エンジニアとのオンライン座談会も予定しておりますのでAmazon/AWSの社風、キャリアパス等についてもご理解いただける場となります。"
5,Colopl（コロプラ）,f,Solutions Architect 3 day virtual Internship,,,体験,, 
6,Colopl（コロプラ),https://be-ars.colopl.co.jp/internship/engineer/backendengineering/,"【就業型コース】
大規模サービスのバックエンドを学ぶ
就業型インターンシップ",,,体験,,TBD
7,Colopl（コロプラ）,https://be-ars.colopl.co.jp/internship/engineer/buildup/,"【負荷分散コース】
高トラフィックをさばくための
エンジニアリングを学ぶ
インターンシップ",,,体験,,"コロプラにて運用中のゲームタイトルを題材に、実務を想定した課題に取り組んでいただきます。
普段なかなか経験できない高トラフィック環境において、
実務レベルのコーディングを学べるため、ゲームのバックエンドを実践さながらに経験でき、
確実な設計力・実装力のアップにも繋がります。
先輩エンジニアがメンターとしてサポートしつつ、
高トラフィック環境において要求される負荷分散の技術を身に付けられるプログラムです。
コロプラのインターンシップ2020で、
これまでに経験したことのない『覚醒』を実感してください。"
8,"Combz.inc 
（コンビーズ）",https://www.combz.jp/recruit/2020,技術者コース（Combz engineer）,,,体験,,"Webマーケティングサービスを企画、開発し運営している独立系IT企業です。
若いチカラを積極的に採用する職場でコミュニケーション取りながら実業務を経験できる環境となっています。

インターンでは開発チームに所属します。
現在はスクラム開発、2週間でスプリントを回していてチームでコミュニケーション取りながらサービスの開発を進めています。ペアプロも取り入れています。

AWSを駆使したり、アプリ開発を行ったりとスキルや希望に応じて任される内容は様々ですが、基本的には他の技術者と共に技術調査やシステム開発を行います。

担当コーチが付いたり、評価の仕組みがあったり、長期インターンも可能で、学業との兼ね合いも相談でき、しっかり見てくれるので安心して取り組むことができます。

※関西・大阪（リモート相談OK）"
9,"Combz.inc 
（コンビーズ）",https://www.combz.jp/recruit/2020,サービス開発コース（Combz engineer2）,,,体験,,"Webマーケティングサービスを企画、開発し運営している独立系IT企業です。
若いチカラを積極的に採用する職場でコミュニケーション取りながら実業務を経験できる環境となっています。

インターンでは開発チームに所属し新サービスの担当プログラマーとしてインターンを経験できます。
現在はスクラム開発、2週間でスプリントを回していてチームでコミュニケーション取りながらサービスの開発を進めています。

現在はたくさんのIssueがあり、多くのエンジニアでモノづくりに取り組んでいて、サービスを形にしていくプロセスを経験できます。

担当コーチが付いて評価の仕組みがあったり、長期インターンも可能。学業との兼ね合いも相談できて、しっかり見てくれるので安心して取り組むことができます。

※関西・大阪（リモート相談OK）"
10,"Combz.inc 
（コンビーズ）",https://www.combz.jp/recruit/2020,サービス運用コース（Combz Service Engineer）,,,体験,,Webマーケティングサービスを企画、開発し運営している独立系IT企業です。 若いチカラを積極的に採用する職場でコミュニケーション取りながら実業務を経験できる環境となっています。  このインターンでは実運用中のWebサービスに担当プログラマーとしてインターンを経験できます。  直接お客様とやり取りするわけではありませんが、利用者様や検討者様の声を目にすることができそこからのサービス改善と、新サービス立ち上げとはまた違った、運用中ならではの開発業務を経験することができます。  興味があれば、プログラミングだけでなく、サーバ運用やサービス運営にかかわる広い範囲の業務を経験することができます。 担当コーチが付いて評価の仕組みがあったり、長期インターンも可能。学業との兼ね合いも相談できて、しっかり見てくれるので安心して取り組むことができます。  ※関西・大阪（リモート相談OK）
11,"Combz.inc 
（コンビーズ）",https://www.combz.jp/recruit/2020,マークアップエンジニアコース（Combz Markup Engineer）,,,体験,,"Webマーケティングサービスを企画、開発し運営している独立系IT企業です。
若いチカラを積極的に採用する職場でコミュニケーション取りながら実業務を経験できる環境となっています。

このインターンでは自社開発のサービスのマークアップエンジニアとして業務を経験できます。

担当にデザイナーが付き、ページのコーディングや簡単なデザイン業務など行います。
サービスアシスタントやライターの方とのやり取りがあったりと、本格的な業務の流れを体験できます。

興味があれば、コーディングだけでなく、サービス運営にかかわる広い範囲の業務を経験することができます。
評価の仕組みがあったり、長期インターンも可能。学業との兼ね合いも相談できて、しっかり見てくれるので安心して取り組むことができます。

※関西・大阪（リモート相談OK）"
12,Cookpad,https://internship.cookpad.jp/,5 Day Engineer コース（Webアプリ開発）,,,体験,,クックパッドのノウハウを学び、ユーザー課題を解決するための Web アプリケーションを1から企画・開発する力をつけられるインターンシップです。  1〜2日目は、クックパッドのアプリケーション開発手法やサービス開発の方法について講義・ハンズオン形式で学びます。 3〜5日目は、前半で学んだ内容をもとに、各自でお題に沿ったアプリケーションを開発していただきます。社員エンジニアがメンターとしてサポートします。 ※最終日に成果発表があります。
13,Cookpad,https://internship.cookpad.jp/,5 Day Engineer コース（Androidアプリ開発）,,,体験,,"クックパッドのノウハウを学び、ユーザー課題を解決するための Android アプリケーションを1から企画・開発する力をつけられるインターンシップです。

1〜2日目は、クックパッドのアプリケーション開発手法やサービス開発の方法について講義・ハンズオン形式で学びます。
3〜5日目は、前半で学んだ内容をもとに、各自でお題に沿ったアプリケーションを開発していただきます。社員エンジニアがメンターとしてサポートします。
※最終日に成果発表があります。"
14,Cookpad,https://internship.cookpad.jp/,5 Day Engineer コース（iOSアプリ開発）,,iOS,体験,,"クックパッドのノウハウを学び、ユーザー課題を解決するための iOS アプリケーションを1から企画・開発する力をつけられるインターンシップです。

1〜2日目は、クックパッドのアプリケーション開発手法やサービス開発の方法について講義・ハンズオン形式で学びます。
3〜5日目は、前半で学んだ内容をもとに、各自でお題に沿ったアプリケーションを開発していただきます。社員エンジニアがメンターとしてサポートします。
※最終日に成果発表があります。"
15,Cookpad,https://internship.cookpad.jp/jobtraining,mahou,,,体験,,クックパッドのレシピサービスや新規事業サービスの開発など、実際の業務を行っていただきます。 就業期間については柔軟に対応いたしますので、ぜひご相談ください。
16,Cookpad,https://internship.cookpad.jp/jobtraining,就業型 研究開発コース,,,体験,"Rails,Ruby",研究開発の就業形インターンシップでは現場のエンジニアとともに機械学習のモデルの構築やデプロイに取り組んでいただきます。機械学習や自然言語処理、画像処理、AWS、Docker、CI、 MySQL、Ruby on Rails などのキーワードが気になる方、 料理が好きな方のご応募をお待ちしています。
17,CyberAgent,https://www.cyberagent.co.jp/careers/students/event/detail/id=24418,2days インフラ向け 開発型インターンシップ,,,体験,,"以前からご好評いただいている「おうちKubernetesインターンシップ」がリニューアルして帰ってきました。今回は「Raspberry Pi 4 で始めるおうち Kubernetes クラスタ自作入門」として開催します。

今回は Intel NUC Kitとkindを使って複数ノードから構成される「おうちKubernetesクラスタ」を構築し、その上で各自でメンター社員と話し合いながらフリーテーマを設定し、実際に何かしらのミドルウェアやアプリケーションをデプロイするところまでをゴールとします。
今回は Raspberry Pi 4 を 3 台用意し、にマルチノード構成の物理「おうち Kubernetes クラスタ」を構築し、その上で様々なアプリケーションやミドルウェアを動作させていただきます。もちろん、Kubernetes に精通した多くのメンター社員がサポートします。
構築ツールを使わずに Kubernetes クラスタの構築を1から行い、Kubernetes 自体のアーキテクチャに DeepDive するもよし、サクッとKubernetes を構築してその上に様々なミドルウェアを動作させていくもよし、

Kubernetesに興味がある方や、自宅サーバーに興味がある方はぜひご参加下さい。"
18,CyberAgent,https://www.cyberagent.co.jp/careers/students/event/detail/id=24419,2days サーバーサイド向け 開発型インターンシップ,,,体験,,"2days サーバーサイド向け 開発型インターンシップでは、サービスを模したWebアプリケーションをチューニングし、個人間でスコアを競って頂きます。2020年3月に実施された「Backend Tuning Competition」と同内容のものとなります。

計測と改善のサイクルを繰り返しながら、サーバーサイドの実装やDB、ミドルウェア等あらゆる点でチューニングを行い、パフォーマンスの改善=スコアアップを目指します。
2日間で開発スキルアップを図り、現役のエンジニア社員、技術、開発環境に触れることができます。
個人開発ではなかなか意識しづらい領域において、現役社員や周りの参加者と切磋琢磨しお互いにスキルアップをしませんか？"
19,CyberAgent,https://www.cyberagent.co.jp/careers/students/event/detail/id=24420,1day ゲームクライアント向け 開発型インターンシップ,,,体験,,"与えられた仕様書をもとにUnityを用いて1日でゲームを開発してもらいます。
実装項目ごとに点数が設定されており、合計の獲得点数を競い合う競技形式のインターンシップです。

仕様書の各項目に点数が設定されており、スピードと正確さを意識しながら満点を目指して実装してください。
技術メンターとなるエンジニア社員のバックアップのなか、学生同士で点数を競い合っていただきます。
1日で開発スキルアップを図り、現役のエンジニア社員、技術、開発環境に触れることができます。
また、同一の課題に挑戦するので参加者同士で学び合うこともできます。"
20,CyberAgent,https://www.cyberagent.co.jp/careers/students/event/detail/id=24421,1day 全職種向け ゲームAI×プロコン型インターンシップ,,,体験,C,"「1day 全職種向け ゲームAI×プロコン型インターンシップ」では、
サイバーエージェントのゲーム事業部内で実際に行われている「ゲームAIを実装するプログラミングコンテスト」を学生向けに開催いたします。
ここでゲームAIとは、ゲームキャラクターを動かすロジック・アルゴリズムのことを指します。
AIと言ってもディープラーニングや強化学習などの機械学習の知識は要求されません。
ゲーム開発の現場では、メモリの使用量を押さえたり、計算量を削減したり、探索を行ったりなど各種アルゴリズムを用いることがあります。
本インターンシップでは、実際に与えられたお題のAIを作成する中で、ゲーム開発の中で実際に必要となる可能性のあるアルゴリズムに触れることができます。
本プロコンのお題のゲームはUnity上で動作する形で提供します。
AIの行動を決定するためのメソッドが用意されているので、そのメソッドの中にC#でロジックを実装していただきます。
点数が設定された問題が複数与えられ、解いた問題の点数の和によって順位が決まります。
各問題には複数のテストケースが用意されており、採点は自動的に行われます。
言語はC#限定となりますが、Unity独自の機能実装は行わない問題設計になっているため、Unity未経験でもC#で基本的なプログラミングができれば参加可能です。
また、ある程度の数の問題はアルゴリズムの知識が無くても取り組みやすい内容になっているため、アルゴリズム系のプログラミングコンテストに参加したことがないような方でも大丈夫です。
"
21,CyberAgent,https://www.cyberagent.co.jp/careers/students/event/detail/id=24424,7days サーバーサイド向け 体験就業型インターンシップ,,,体験,C,"「1day 全職種向け ゲームAI×プロコン型インターンシップ」では、
サイバーエージェントのゲーム事業部内で実際に行われている「ゲームAIを実装するプログラミングコンテスト」を学生向けに開催いたします。
ここでゲームAIとは、ゲームキャラクターを動かすロジック・アルゴリズムのことを指します。
AIと言ってもディープラーニングや強化学習などの機械学習の知識は要求されません。
ゲーム開発の現場では、メモリの使用量を押さえたり、計算量を削減したり、探索を行ったりなど各種アルゴリズムを用いることがあります。
本インターンシップでは、実際に与えられたお題のAIを作成する中で、ゲーム開発の中で実際に必要となる可能性のあるアルゴリズムに触れることができます。
本プロコンのお題のゲームはUnity上で動作する形で提供します。
AIの行動を決定するためのメソッドが用意されているので、そのメソッドの中にC#でロジックを実装していただきます。
点数が設定された問題が複数与えられ、解いた問題の点数の和によって順位が決まります。
各問題には複数のテストケースが用意されており、採点は自動的に行われます。
言語はC#限定となりますが、Unity独自の機能実装は行わない問題設計になっているため、Unity未経験でもC#で基本的なプログラミングができれば参加可能です。
また、ある程度の数の問題はアルゴリズムの知識が無くても取り組みやすい内容になっているため、アルゴリズム系のプログラミングコンテストに参加したことがないような方でも大丈夫です。
"
22,CyberAgent,https://www.cyberagent.co.jp/careers/students/event/detail/id=24425,7days Android向け 体験就業型インターンシップ,,,体験,,"1ヶ月で実際の社員と同じように実務経験をする、大人気の就業型インターンシップ「CA Tech JOB」。

「1ヶ月まるごとだと時間が取りづらい」「ハードルが高そう」といった学生の皆様からの声を受け、より気軽に実務を体験することができるよう、『CA Tech JOB Lite』として新しい就業型インターンシップを開催します。
今回はAndroidエンジニアの募集となります。(就業先の部署や取り組むタスクについては、個別相談の上、皆様の強みを生かせるものとなるよう決定していきます。)"
23,CyberAgent,https://www.cyberagent.co.jp/careers/students/event/detail/id=24426,3days iOS/Android向け 開発型インターンシップ,,iOS,体験,,"3days iOS/Android向け 開発型インターンシップでは、サイバーエージェントの人気サービス「AbemaTV」において架空の新機能を実装して頂きます。2019年9月に実施された「AbemaTV Hack」と同内容のインターンシップです。

サイバーエージェントの現場で実際に働いているエンジニア社員のバックアップのもと、お題とされる新機能を完成させることを目指していただきます。

完成した新機能は全体のコンセプト、コード、UI/UX、アイディア等を含め総合的に評価します。

AbemaTVの核となる動画プレイヤーの部分はあらかじめ用意いたします。ここに、お題とされる架空の新機能を追加実装していただきます。
お題については1週間ほど前に発表する予定です。"
24,CyberAgent,https://www.cyberagent.co.jp/careers/students/event/detail/id=24427,3days ゲームクライアント向け 開発型インターンシップ,,,体験,,"3days ゲームクライアント向け 開発型インターンシップでは、3日間でお題に沿ったゲームをチームで開発し、ゲームとしての総合的な完成度の高さを競って頂きます。2019年9月に実施された「プロトスプリントリーグ」と同内容のインターンシップです。

サイバーエージェントの現場で実際に働いているエンジニア社員のバックアップのもと、優勝を目指していただきます。
※お題は事前に発表する予定です。

ゲームエンジンはUnityを使用していただきます。(アウトプットは、PC向け/スマートフォン向け等は問いません)
それぞれの技術やアイデアを持ち寄り、チームで最高のゲームを作り上げてみませんか？"
25,CyberAgent,https://www.cyberagent.co.jp/careers/students/event/detail/id=24428,2days Webフロント向け 開発型インターンシップ,,,体験,,
26,CyberAgent,https://www.cyberagent.co.jp/careers/students/event/detail/id=24429,2days データサイエンティスト向け 分析型インターンシップ,,,体験,,"サイバーエージェントが持つデータを使い、テーマに沿って分析・予測をし、その精度を競っていただくデータコンペティションイベントです。

インターンシップ中は、サイバーエージェントの社員であるデータサイエンティストがメンターとして相談やフォローさせていただきますので、社員からのデータ分析、予測に関する技術的な学びも多い場となってます。終了後には懇親会も用意してるので、ざっくばらんに社員とゆっくりお話しすることもできます。

また会場では他の学生と一緒に分析をするため、オンラインでのデータコンペティションとはまた違った面白さを体感していただけます。"
27,CyberAgent,https://www.cyberagent.co.jp/careers/students/event/detail/id=24422,ソフトウェアエンジニアリングコース,,,体験,,"約1か月間、実際の社員と同じように、実務経験をする就業型インターンシップです。

メディア事業、ゲーム事業、アドテク事業、秋葉原ラボ等、サイバーエージェントグループの様々な部署で挑戦していただきます。

約1ヶ月の就業期間の間に、就業先の部署だけでなく、事業部を横断したランチなどを開催し、サイバーエージェント全体について知っていただけるプログラムを予定しています。"
28,DeNA,https://student.dena.com/internship/,,,,体験,,"技術を武器に最高のサービスを届ける
プロフェッショナルを体感する2日間

DeNAエンジニアとチームを組み、改修ポイントの多い「伸びしろのあるアプリ」を大規模サービスとして「最高のアプリ」にしていただきます。
UI/UXを考え抜き、非機能要件まで満たすよう実装してください。

なるべく多くの設計・開発を経験いただけるようスケジュールを組んでおり、2日間とは思えない濃い体験になるはずです。
チーム開発での設計やレビューなどを通し、DeNAのサービスをつくり、支えているエンジニアカルチャーを思う存分体感してください。"
29,DeNA,https://student.dena.com/internship/,ゲームエンジニアリングコース,,,体験,,"「おもしろい」を実現する DeNAのゲーム開発を体感する

現役エンジニアとチームを組んでゲームを作り上げる中で、「おもしろい」を実現する考え方や技術に触れ、ゲームに命を吹き込む体験をしていただきます。チーム開発の楽しさや難しさを、ぜひ体感してください。"
30,DeNA,https://student.dena.com/internship/,データサイエンティストコース,,,体験,,"世界トップレベルのKaggler集団に仲間入り

DeNAならではの事業データを用いて社員と一緒に自社サービスに機械学習を活用していきます。
"
31,Colopl（コロプラ）,https://be-ars.colopl.co.jp/internship/engineer/mashup/,"【ゲーム開発コース】
スマホゲームの開発方法を体感する！
就業型インターンシップ",,,体験,,"コロプラの開発現場の最前線で活躍するエンジニアと共に実際の業務に取り組み、
コロプラ流の開発方法を体感していただきます。
インターンシップ期間中は、学生ひとりに対して社員ひとりがメンターとして付きそうため、
実践レベルのフィードバックを受けながら開発を行うことが可能です。

コロプラのインターンシップ2020で、
これまでに経験したことのない『覚醒』を実感してください。"
32,DMM.com,https://hr.dmm-corp.com/,"
DMM GUILD",,,体験,,●就業型インターン（複数事業部・技術領域） DMMの40を超えるサービスから技術的な課題を提示します。 挑戦してみたい課題を選択し解決に導いてください。  課題をクリアするとポイントが付与されます。 あなたの技術貢献がDMMのサービスの一部になるかも？ 上位ランカーには豪華賞金もご用意しております！
33,DMM.com,https://dmm.snar.jp/jobboard/detail.aspx?id=QobGAsjmdvY,［東京開催］エンジニア就業型インターン,,インフラ,体験,,"プログラム概要
DMM.comは、Webを通じて様々なコンテンツを提供する事業会社です。
AKB48グループなどの動画配信や、電子書籍、FX、太陽光発電、英会話、3Dプリント、格安スマホなど、40以上の幅広いサービスを時代に合わせ柔軟に展開することにより、常にユーザーへ価値を提供しています。
今回はそんなサービスを横断的に支える複数の部門にて、就業型インターンを開催いたします。

コース一覧
●データエンジニア
①データ分析基盤開発
②レコメンドシステム開発
③AIシステム開発
●インフラエンジニア（サーバ・ネットワーク）
●セキュリティエンジニア
●SREエンジニア
★各コースの詳細は、募集要項にてご確認ください。　2022新卒向けサマーインターンシップ募集要項
サービス・プラットフォーム開発をご希望の方は［DMM GUILD］へご応募ください。 https://hr.dmm-corp.com/"
34,Finatextホールディングス,"https://www.wantedly.com/projects/449462 
",[就業型インターン]オルタナティブデータ解析コース,,,体験,,"【当社のインターンシップについて】
インターン専用の短期プログラムではなく、実際の業務を数ヶ月単位でご経験いただきます。インターン生一人に必ず一人「バディ」と呼ばれる社員がつき、成長をサポートします。

【主な業務内容】
当社のグループ会社で、オルタナティブデータ解析を行う株式会社ナウキャストにて、複数のビッグデータをワンストップで分析できる、海外の機関投資家向けデータ分析ツール（※）のバックエンド開発を行っていただきます。具体的には以下の業務内容です。

・データパイプラインの実装、エンハンス
・データベース（RDS、DynamoDB、Redshiftなど）の構築、エンハンス

※機関投資家の投資分析に特化したBIツールの様なものです"
35,Finatextホールディングス,https://www.wantedly.com/projects/452078,[就業型インターン]金融プラットフォーム開発コース,,,体験,,"【当社のインターンシップについて】
インターン専用の短期プログラムではなく、実際の業務を数ヶ月単位でご経験いただきます。インターン生一人に必ず一人「バディ」と呼ばれる社員がつき、成長をサポートします。

【主な業務内容】
当社が提供する金融プラットフォーム（※）の開発を行っていただきます。

※現在は証券プラットフォームを提供しています。"
36,Finatextホールディングス,https://www.wantedly.com/projects/452218,[就業型インターン]金融サービスのビジネスデベロップメントコース,,,体験,,"【当社のインターンシップについて】
インターン専用の短期プログラムではなく、実際の業務を数ヶ月単位でご経験いただきます。インターン生一人に必ず一人「バディ」と呼ばれる社員がつき、成長をサポートします。

【業務内容】
・新規事業開発や既存サービス拡大のために以下業務を幅広く担っていただきます
　- 市場調査
　- 他社サービス利用に基づく調査・考察
　- ドキュメント作成
　- 社内への提言
・パートナー企業との協業やアライアンスの推進、またその補佐
・自社サービスの運営、改善提案、実行
・その他、事業拡大のための各種業務"
37,FLYWHEEL,ttps://www.flywheel.jp/job/swe-internship/,ソフトウェアエンジニア サマーインターンシップ,,,体験,,"「データを⼈々のエネルギーに」をミッションに、
日本発のテクノロジーカンパニーを目指すフライウィール。
多くの企業が抱える、データ活用の課題を弊社エンジニアと一緒に考え
企業の事業価値最大化のためのレベルの高い開発をサマーインターンシップで
体感してみませんか。

◆インターンプロジェクト一例　
※過去の一例となるため、今年度は変更の可能性あり
・サイト内コンテンツ検索システムの開発
・ユーザー行動解析
・EC用レコメンドエンジンの開発
・広告配信システム及びその周辺ツールの開発
 "
38,"FORCIA 
(フォルシア株式会社)",https://www.forcia.com/jobs/summerinternship2020/,Summer Internship 2020 : フォルシア株式会社,,,体験,,"エンジニアと一緒に、それぞれのコースに合わせた課題解決を行います。
フォルシアトップクラスのエンジニアがメンターとしてサポートし、最終日には社員を集めたインターンシップ成果発表会を開催します。
フォルシアのカルチャーと検索技術へのこだわりが実感できます。
●検索アプリケーション開発コース
●Rustインメモリデータベース開発コース
●自然言語処理コース
●新規サービス開発コース
●Google Hotel Ads 配信最適化コース
●ダイナミックプライシングモデル開発コース"
39,,https://docs.google.com/forms/d/e/1FAIpQLSfa-NHbl3GQ3RgOnoUPFlGTu8eV3XtvhTlYVaxqwOtTD2u0jA/viewform,freee Summer Internship 2020：完全実務コース,,,体験,,"※相当程度の技術力・実装力が必要になるコースです。尚、夏インターンの成果によって本選考の特別選考ルートもご用意をしております。
・freeeの実際のプロダクト開発の現場に入っていただき、開発実務に携わっていただきます。
・インターン向けのお題ではなく、freeeで実際に未解決の難題に取り組んでいただきます。
・各開発チームから選りすぐりの難題をご用意してお待ちしています。
・freeeの第一線で開発にあたるエンジニアがそれぞれメンターとしてお付きします。"
40,GMOペパボ,https://open.talentio.com/1/c/pepabo/requisitions/detail/16113,【オンラインサマーインターンシップ2020】エンジニア職（モバイルエンジニア）,,,体験,,"SUZURIのWeb APIを用いたモバイルアプリケーション開発(Flutter)に、3日間取り組んでいただきます。期間中は実際のサービスに触れ、ペパボのエンジニアからレビューを受けながらチーム開発に取り組んでいただけます。

※インターンシップ中のチーム分けについては弊社にて判断し、決定します"
41,GMOインターネット,https://recruit.gmo.jp/engineer/jisedai/internship/,TECHNOLOGY INTERNSHIP,,,体験,,将来 Web/IT 業界で働くことに興味のある学生の方たちを対象にしたインターンシップ制度です。GMOインターネットグループの事業を横断的に技術でリードする「次世代システム研究室」がチューターとなり、希望するテーマを研究開発いただきます。  データサイエンスコース 次世代システム研究室が参加するプロジェクトの実データなどを使って、データサイエンスで解決したいビジネス課題を想定し、 機械学習モデルの選定/実装、実データの前処理、特徴量設計、評価指標策定、学習/評価など、データサイエンス業務のポイントを体験して頂きます。 現場で活躍するデータサイエンティストがチューターとなり、データドリブンな課題解決のプロセスが体験できます。   ARコース 最新のAR技術を使ったプロダクトを企画から開発まで取り組み、実用性を検証する実験的な要素が強いコースです。 最新技術の理解・応用とともに、自ら実現可能なユースケースを考えて形にするという開発プロセスを体験することができます。   Webエンジニアリングコース 当部門で技術支援を行っているスタートアップやグループ横断のプロジェクトにおいて開発チームの一員として、 開発業務やミドルウェアの検証などに携わっていただきます。 大規模プロジェクトにおける課題解決やアジャイルソフトウェア開発手法のスクラムによる開発プロセスを体験することができます。   オープンポジション（自由課題） テーマをご自身で自由に決めていただき、期間内にアウトプットしていただくコースです。既存概念にとらわれず、新しい技術で新しい価値観を生み出すことを志す学生の皆さんを我々は支援します。 
42,Google,https://careers.google.com/jobs/results/85675430092120774/?hl=ja_JP,Software Engineering Intern,,,体験,,"テクノロジー業界で働くことと Google のフルタイム職にご興味のある学生の皆様を対象とした 8～14 週間にわたるフルタイム有給のユニークなインターンシップを実施します。

このプログラムでは、複雑なコンピュータ サイエンス ソリューションや拡張可能な分散型ソフトウェア システムの開発に取り組み、また世界に影響を与える多数の小規模プロジェクトにも協力して取り組めるような機会を提供します。こうした取り組みには調査力、高い意識、協調性、そして疑問に思う力が欠かせません。

ソフトウェア エンジニアリング インターンは、Google の中心的なプロダクトやサービスを担当するとともに、Google のエンジニアリング業務で重要な役割を果たしている担当者と連携するポジションです。"
43,株式会社はてな,https://hatenacorp.jp/intern2020,,,,体験,,"はてな初、今年のインターンシップは全日オンラインでの開催となります。

「はてなリモートインターンシップ」では、課題セントリックの新しいカリキュラムを実施します。カリキュラムは、課題への準備のための講義、チャレンジングな課題、そしてフィードバックで構成されています。課題のテーマはマイクロサービスで、マイクロサービスとして設計されたシステムの中で、ひとつのサービスを丸ごと作っていただく予定です。"
44,Insight Tech,http://lab.insight-tech.co.jp/articles/225/,2020 データサイエンティスト インターン,,,体験,Python,"自然言語処理に特化したシステム開発、モデル開発に取り組むインターンです。１ヶ月〜２ヶ月で参加し、実務につなげられるようなロジック構築、開発に取り組みます。
開発はPythonをメインに使いますが、目的に応じて柔軟に言語やミドルウェアを組み合わせます。

基本的にはInsight Techが運営している「不満買取センター」で収集した不満データを利用します。
テーマ例は募集要項に掲載のとおりですが、これ以外にも、不満データを使うことでこういうことができるんじゃないか、こういうことをやりたい、といった提案も歓迎します。"
45,LeapMind株式会社,https://hrmos.co/pages/leapmind/jobs/000,サマーインターンシップ2020年,,,体験,,"2020年の夏、LeapMindで技術インターンをしたい、deep learningに興味のある学生を募集します！

LeapMindは、意欲的な学生の方々を対象に、サマーインターンを募集します。LeapMindは、深層学習を世の中のあらゆるモノに実装し、より便利で豊かな社会を実現することを目指し、低ビットのコンパクトなニューラルネットを作成するオープンソースソフトウェアBlueoilの開発や、超低消費電力AI推論アクセラレータIP「Efficiera™」の開発を進めています。Blueoil開発、プロセッサ設計、その他のプロジェクトに参加し、先端技術を社会に届ける一端になってみませんか。"
46,LINE株式会社,https://linecorp.com/ja/career/newgrads/internship/engineer,技術職 就業型コース（東京・福岡）,,,体験,,"各エンジニア組織の実際の課題・タスクにアサインされ業務に取り組む、就業型のプログラムです。

【昨年の業務例】

・LINEアプリ内の「LINEクーポン」の新機能のフロントエンド開発および企画ミーティングへの参加などの関連業務

・LINEで運用しているネットワーク機器から送信されるsyslogの監視ツールの開発

・LINEの各プロダクトに対するリスクアセスメントおよびOSSプロジェクトのバグハント

各参加者には1人1名エンジニア社員のメンターが付き、日々の業務をサポートします。
期間中にCTOや社内エンジニアなどとの交流機会も予定しています。
参加者には成果報告として、LINE Engineering Blogへレポートを寄稿していただきます。"
47,LINE株式会社,https://linecorp.com/ja/career/newgrads/internship/engineer-kyoto,技術職 ハッカソンコース（京都）,,,体験,,"チームで開発課題に取り組む、ハッカソン（イベント）型のプログラムです。

【昨年の課題】
LINEのプライベートクラウドVerda上に構築されたVerda Kubernetes System上での、LINE Front-end Framework(LIFF) SDK最新バージョンをフロントエンドに用いたウェブアプリケーションの開発

・各チームにはエンジニア社員のメンターが付き、技術的側面からサポートします。

・期間中に社内エンジニアとの交流機会も予定しています。"
48,mixi,https://mixi-recruit.snar.jp/jobboard/detail.aspx?id=1jt9THswOXbXpLNMNQESGQ,Dive into mixi GROUP 2020 夏季（エンジニア）,,,体験,,"世界累計5,300万人以上の利用者を誇る国内トップシェアのゲーム開発からスタートアップフェーズのサービス、現在開発中の新規サービスまで、現場社員とともにサービス開発・業務体験できる就業型長期インターンシップです。

成長するプロダクトの開発現場において、実際のチームの一員として業務に携われる絶好の機会です。

短期のブートキャンプ型とは異なる、学生時代にはなかなか経験できないチーム開発のイロハ、技術力をぜひ吸収してください。"
49,"MonotaRO
（モノタロウ）",https://forms.gle/ZkNhfg6HxrwpzcAZ9,"MonotaROの大規模サービス開発を体感する！
5Days Data Scienceインターン",,,体験,Python,"本インターンシップでは、モノタロウの運営するECサイト(monotaro.com)で生まれるビッグデータを活用しデータサイエンス領域の業務を体験いただきます。実際にデータを分析したり、機械学習を使った予測を行い、改善案を提示するところまでを目指して取り組みます。

▼実施内容：
専門に応じ、下記いずれかのテーマでデータ分析/データサイエンス業務に取り組んでいただきます。

タスク例：
商品推薦、検索、広告やプロモーションなどのマーケティングにおける最適化など
・商品検索、データマイニング、自然言語解析、機械学習技術を用いた商品検索システムの開発
・機械学習、Deep learning技術を用いた商品推薦システムの開発
・時系列データ分析・予測、最適化問題技術を用いたマーケティング最適化システムの開発

▼開発環境：
GCP, Python, R, BigQuery, Keras, TensolFlow など"
50,"MonotaRO
（モノタロウ）",https://forms.gle/ae7nB8nvuuUBG67CA,"MonotaROの大規模サービス開発を体感する！
5Days Engineering インターン",,,体験,"Python,JavaScript","本インターンシップでは、モノタロウの運営するECサイト(monotaro.com)のプロダクト開発を体験していただきます。5日間の開発期間で、社員からサポートを受けながら、コードがリリースされるところまでを目標とします。大規模Webサイトの開発を通じ、モノタロウの持つ手法やノウハウを学んでいただけます。

▼実施内容：
・フロントエンド(JavaScript+html/css)開発またはWebAPI(Python+SQL)の開発

実際にソースコードを変更し、commit/pushし、テストし、本番環境にリリースするところまでを目指して取り組みます。アジャイル開発プロセスも体験いただけます。

▼開発環境：
Windows/Linux, IntelliJ, Python, MySQL, Redis, Solr, AWS, GCP, BigQueryなど"
51,"NAVITIME Japan
（ナビタイムジャパン）",https://recruit.navitime.co.jp/internship/,エンジニア体験インターンシップ（中上級編）,,,体験,,"※オンラインでの実施を予定しております。

ナビタイムジャパンが実際のサービスを提供する中で開発、 および使用しているAPIを用いて、Webアプリケーションの開発を体験していただきます。
当社エンジニアのアドバイスを受けながら、 サービスの企画から設計・開発に至るまでの一連の開発工程を体験していただくことができます。
また、3名でのチーム開発の形式で取り組んでいただくことで、実際の働き方に沿った体験になります。
基本的には全日程オンラインでの実施を想定しておりますが、 社会状況を鑑みて可能であれば最終日には本社にて成果発表や会社見学、社員との座談会などを実施し、 当社の雰囲気を感じていただける機会を設けたいと考えています。

※開発は3名チームで行います。ご友人と一緒に申し込む場合は代表者の方がエントリーフォームにチームメンバーのお名前をご記入ください。
　また個人ないし2名でご応募いただくことも可能です。その場合、他にエントリーいただいた方と一緒にチームを組んでいただきます。"
52,"NAVITIME Japan
（ナビタイムジャパン）",https://recruit.navitime.co.jp/internship/,エンジニア体験インターンシップ（初級編）,,,体験,,"※オンラインでの実施を予定しております。

ナビタイムジャパンがサービスを提供する上で開発、および活用している経路探索技術や地図、 地点のデータなどを用いて、当社が用意した課題に沿ってWebアプリケーションの開発を体験していただきます。
当社エンジニアからのアドバイスを受けながら、リモートにて実施いたします。
基本的には全日程オンラインでの実施を想定しておりますが、 社会状況を鑑みて可能であれば最終日には本社にて成果発表や会社見学、社員との座談会などを実施し、 当社の雰囲気を感じていただける機会を設けたいと考えています。
「大学の講義で学んだ」「独学で勉強を始めている」といった経験があってもそれ以外の開発経験が少なく、 「独力で開発をすすめる自信がない・・・」 という初級者向けのプログラムです。"
53,"Nikkei
日本経済新聞社",https://hack.nikkei.com/internJobs/long_term/,日経電子版 長期インターン,,,体験,,"日経電子版の新機能やデジタル事業の新サービスを作っていただきます。
日経の記事データなど各種 API や膨大なアクセスログデータも活用いただけます。
ふだん日経電子版の開発をしている社員がサポートします。

研究や勉強で身につけた、プログラミングスキル、機械学習/人工知能、
自然言語処理、統計処理を生かしたい人の応募をお待ちしております。
※現在はフルリモートです"
54,"Nikkei
日本経済新聞社",title,ソフトウェア/AIエンジニア向け日経電子版インターンシップ（9/19(土) 〜 21(月)・3日間）,,,体験,,"二人一組となって日経電子版の新機能やデジタル事業の新サービスを作っていただきます。 日経の記事データなど各種 API や膨大なアクセスログデータも活用いただけます。 ふだん日経電子版の開発をしている社員がAPI やデータの利用方法についてサポートします。
研究や勉強で身につけた、プログラミングスキル、機械学習/人工知能、自然言語処理、統計処理を生かしたい人の応募をお待ちしております。
フルリモートです。

9/19(土) 〜 21(月) 3日間"
55,"Nikkei
日本経済新聞社",https://hack.nikkei.com/internJobs/2020_summer/,ソフトウェア/AIエンジニア向け日経電子版インターンシップ（9/11(金) 〜 13(日)・3日間）,,,体験,,"二人一組となって日経電子版の新機能やデジタル事業の新サービスを作っていただきます。 日経の記事データなど各種 API や膨大なアクセスログデータも活用いただけます。 ふだん日経電子版の開発をしている社員がAPI やデータの利用方法についてサポートします。
研究や勉強で身につけた、プログラミングスキル、機械学習/人工知能、自然言語処理、統計処理を生かしたい人の応募をお待ちしております。
フルリモートです。

9/11(金) 〜 13(日) 3日間"
56,"Nikkei
日本経済新聞社",https://hack.nikkei.com/internJobs/2020_summer/,ソフトウェア/AIエンジニア向け日経電子版インターンシップ（9/2(水) 〜 4(金) ・3日間）,,,体験,,"二人一組となって日経電子版の新機能やデジタル事業の新サービスを作っていただきます。 日経の記事データなど各種 API や膨大なアクセスログデータも活用いただけます。 ふだん日経電子版の開発をしている社員がAPI やデータの利用方法についてサポートします。
研究や勉強で身につけた、プログラミングスキル、機械学習/人工知能、自然言語処理、統計処理を生かしたい人の応募をお待ちしております。
フルリモートです。

9/2(水) 〜 4(金)  3日間"
57,"Nikkei
日本経済新聞社",https://hack.nikkei.com/internJobs/2020_summer/,ソフトウェア/AIエンジニア向け日経電子版インターンシップ（8/10(月) 〜 14(金)・5日間）,,,体験,,"二人一組となって日経電子版の新機能やデジタル事業の新サービスを作っていただきます。 日経の記事データなど各種 API や膨大なアクセスログデータも活用いただけます。 ふだん日経電子版の開発をしている社員がAPI やデータの利用方法についてサポートします。 研究や勉強で身につけた、プログラミングスキル、機械学習/人工知能、自然言語処理、統計処理を生かしたい人の応募をお待ちしております。 
フルリモートです。

8/10(月) 〜 14(金) 5日間"
58,オプティム(OPTiM),https://recruit.jobcan.jp/optim/show/a001/227458,2020サマーインターン,,,体験,,"【R&D(研究開発)コース】
AIの研究開発に携わっていただきます。
GPUを使った画像解析関連の機械学習に関するテーマに加えて、今年からは新たにエッジデバイスを用いた推論もテーマとして選択いただけます。
詳細は募集要項をご覧ください。"
59,オプティム(OPTiM),https://recruit.jobcan.jp/optim/show/a001/227557,2020サマーインターン,,,体験,,"【Webエンジニアコース】
フロントエンド開発やバックエンド開発などで使うWeb技術を用いて、新たな価値の創造や課題解決をしたい方向けの実務的なインターンシップです。 AI・IoT活用を支える統合基盤(PaaS)やモバイルデバイスのセキュリティを確保するMDMサービスに関連する開発など、さまざまな内容を用意しています。詳細は募集要項をご覧ください。"
60,オプティム(OPTiM),https://recruit.jobcan.jp/optim/show/a001/227459,2020サマーインターン,,,体験,,"【モバイルエンジニアコース】
モバイルデバイス用のアプリ・サービス開発をしたい方向けの実務的なインターンシップです。 スマート農業向けのアプリ・サービスや医師不足の一助となる医療・診断支援アプリ・サービスの開発など、さまざまな内容を用意しています。詳細は募集要項をご覧ください。"
61,ピクシブ株式会社,,この夏ピクシブで圧倒的猛者になる 技術職向け夏のインターンシップ『PIXIV SUMMER BOOT CAMP2020』,,,体験,,"ピクシブで学ぶ、大規模サービス開発とテクノロジー開発

ピクシブ株式会社は「創作活動がもっと楽しくなる場所を創る」というミッションのもと、5000万ユーザーを超えるイラストコミュニケーションサービス「pixiv」をはじめ、現在20以上のサービス開発を進めています。
この夏実施するインターンシップは、大きく分けて3つのコース（全18コース）を用意し、本番環境のAPIを叩き、レビューをうけながら、実際に普段から社員が行っている業務にチャレンジすることができます。
技術の習得やチーム開発を通じて「圧倒的猛者になる」ことはもちろん、ピクシブの開発環境や社風を体験することが出来るインターンシップとなっています。
この夏、実際に動いている大規模サービスの業務を経験してみませんか？

"
62,Preferred Networks,https://preferred.jp/ja/news/internship2020/,PFN2020 夏季国内インターン,,,体験,,"深層学習、コンピュータビジョン、ロボティクス、バイオヘルスケア、強化学習、分散処理など、様々な分野の弊社スペシャリストがメンターとなり、約1.5ヶ月の長期にわたって一緒に議論・研究・開発を行います。

インターン実施中の成果は機密や権利上の問題が無い範囲で OSS や論文、PFN Research & Development Blog記事として公開することを奨励しています。"
63,P&G Japan,[エントリーページ] https://bit.ly/3en71Gb [詳細ビラ] https://drive.google.com/file/d/101y8EvIUcJpHSRo18K68Ji09xsjNGE-D/view?usp=sharing,P&G IT Tech Challenge 2020,,,体験,,"3日間でP&G ITのビジネスアナリスト・データサイエンティストの職種内容を実体験できるチャレンジ．
メンターとともに弊社のビジネス課題に対し，膨大な実データを分析して知見を見出し解決提案をしていただくハッカソンです．
3人1組で1チームとなり実データを使用したビジネス課題に取り組んでいただきます！
優勝チームには豪華景品をプレゼント！＊1人あるいは2人でエントリーいただいた方は弊社側でチームを組ませていただきます．
1日目はビジネス背景や大規模データセットの扱い方の講習を行い，2日目・3日目がハッカソンとなります．"
64,"リクルート
（8/3 公開情報）",FALSE,"RECRUIT Job for Student 2020 Autumn
~PRODUCT GROWTH~",,,体験,,"プロダクトの成長に責任を持つ2ヶ月間

住まい、結婚、飲食、美容、教育….とあらゆる領域にプロダクトを持つリクルートの、プロダクトマネジメント/UXデザイン/開発ディレクション組織のいずれかで、プロジェクトのメンバーとして約2ヶ月働いていただける方を募集いたします。みなさんがよくご存知のプロダクトから新規プロダクトまで、プロダクトの成長に向けた重要な一役を担っていただきます。"
65,リクルート,https://engineers.recruit-jinji.jp/event/job-for-student-2020s/,RECRUIT Job for Student 2020 ~Engineer/Data Specialist~,,,体験,,"自らの技術を価値に変え事業を動かす

人生の意思決定から日常消費まで、あらゆる領域のプロダクトを持つリクルートで、自ら課題設定を行い、提案や実装をしていただきます。約1ヶ月間、ビジネス価値を生み出し続けるスペシャリストと肩を並べ業務を行います。"
66,"Sansan
",https://www.wantedly.com/projects/456592,Sansan Summer Internship 2022,,,体験,C,"◆全部署同時受け入れにて一斉開催◆
受け入れ可能性のある部署部門（下記記載の通り）にてチームの一員としてコードレビューやフィードバックなど現場のエンジニアからアドバイスを受けながら、一通りの実務を体験できます。
※インターンの内容は予告なしに変更する場合があります。


▼Sansan
　日系SaaSベンダー最大規模のプロダクト開発の現場で実務経験をするインターンです。クラウド名刺管理サービス「Sansan」のサーバサイド、もしくはモバイルのチームに入り、担当案件リリースを目標に取り組んでいただきます。
　学生時代にはなかなか経験できないB2Bの大規模サービスに携わることができる機会にチャレンジしてみてください。
※今回はWeb/Mobileともに募集対象となります。
　
▼Eight
　「名刺でつながる、ビジネスのためのSNS」をコンセプトに、今やユーザー数200万人を超えグローバルにスケールし続けるB2Cサービス「Eight」。
今回はそのEightを開発する複数のサーバサイドチームいずれかに入り、実務を経験します。
ユーザ向け/企業向け機能の新規機能開発・改善または、大規模基盤のパフォーマンス改善・新技術スタックの導入などに取り組んでいただきます。

▼DSOC
Sansanのデータ統括部門であるDSOCは、名刺、書類、業績や株価など企業の公開情報といったあらゆるビジネスデータから「出会いのデータベース」を構築しSansan、Eight のコアとなる価値を提供することがミッションの組織です。その開発現場に入っていただき、サービスの改善に向き合っていただきます。
例えば Sansan独自のデータ化システム「GEES」 のデータ化精度は 99.9% 。この高い精度を担保することはとてもハードルの高い課題です。大量のデータから傾向を見出し改善を積み上げるのが DSOC の仕事です。自分のアイデアを実際のプロダクトで試せます。
　
▼新規事業開発室＠大阪
新規事業のプロダクト開発を一緒に体験してもらいます。
新規事業開発チームは弊社の主力プロダクト「Sansan」「Eight」に加え、企業ミッションである「出会いからイノベーションを生み出す」に向けた新たなサービスをつくる部門です。
立ち上げに向け試行を重ね、価値ある事業をスタートさせる開発チームの一員になっていただきます。開発のみならず、企画からリリースまで体験できます。
　"
67,"Visional
（ビズリーチ ）",https://hrmos.co/pages/hrmos/jobs/202201,Visional Tech Internship,,"iOS,インフラ",体験,,プロダクト開発の現場を体感していただく就業型のインターンシップです。 Visionalが提供するサービスのいずれかに配属となり、実際の業務・課題に取り組んでいただきます。 ※配属先はご意向とお持ちの技術的強みを踏まえ決定いたします  ■ フルスタックエンジニア コース エンジニア同士はもちろん、デザイナー、プロダクトマネージャー、マーケティング担当、営業など、部署を越えて協力しながら、既存のプロダクト改善・新機能追加、新プロダクトの開発に取り組んでいただきます。  ■ インフラエンジニア コース AWS、Terraform、DataDog などを用いて、インフラの拡張・高度化、 適切な信頼性を保つためのメトリクス整備またはツール開発のための開発を行います。スクラムによるチーム開発の中に一員として入っていただきます。  ■ アプリエンジニア コース ユーザーのスマホシフト化に対応するために新設されたスマートデバイス特別推進室という全社横断の組織に所属していただき、ビズリーチ社の既存事業、新規事業のモバイルアプリエンジニア（iOS/Android）として、アプリの企画・設計・開発・運用・保守を担当いただきます。  ※担当事業やフェーズ（新規orリプレースorグロース）はご参加時期により異なります。
68,"VOYAGE GROUP
",https://voyagegroup.com/internship/treasure/,Treasure,,,体験,Go,"Treasureのテーマは「Go言語を使って学ぶ、価値のあるもの創りとチーム開発」自分が作りたいもの、という視点だけでなく、実際に使うユーザー視点を持ちながらスモールスタートで無駄なく開発のサイクルを回していくためにはどうしていったらいいのか？チーム開発を加速させるトップエンジニアの考え方や習慣とは？

プログラミング経験者が一同に集まり、最先端のフィールドで活躍するトップエンジニアの指導のもと、たった三週間で、「エンジニア」として研ぎ澄まされていく自分を体感するだろう。"
69,"VOYAGE GROUP
",https://voyagegroup.com/internship/adventure/,Adventure,,,体験,,"「データを活用し効率的な広告配信ロジックを考え、ビジネスインパクトを最大化させよ！」

データドリブン開発「Adventure」では広告リクエストが来た際に「どんな広告を配信すると収益と広告効果が最大化されるか？」を、
実際のサービスで発生した広告配信ログを活用し、効率的なアルゴリズムを考案・実装していただきます。
VOYAGE GROUPのアドテクエンジニアは1日あたり数十億レコードといった膨大な配信ログを使用し、
分析・モデリング・実装・検証 のサイクルを回しながら広告の最適配信の仕組みを作っています。

昨年は、 広告配信ログの分析・機械学習によるコンバージョン率予測・推論処理のアプリケーション組み込みなどをトピックに開発を行いました。
アドテクの事業を支えるエンジニアたちからデータドリブンな開発を学ぶ、実践型インターンシップです！"
70,"VOYAGE GROUP
",https://voyagegroup.com/internship/growthtech/,GrowthTech,,,体験,,"GrowthTech　～チーム開発編～

チームによる開発を学び、実践していくインターンです。
１人ではできないことを実現するために、Web サービス開発ではチームでの取り組みが欠かせません。チーム開発をどうすればうまく進められるのか VOYAGE GROUP のエンジニアは日々考えています。皆さんが普段進めている開発でも「うまくいかない」「もっと改善できる点があるのではないか」と考えているのではないでしょうか？
本インターンシップはチーム開発をどのように進めればよいか学び、実践していきます。前半はチーム開発の型を学んでいただき、後半は Web アプリケーションの作成に複数人で取り組んでいただきます。また、実践では各自がフルサイクルディベロッパー※として取り組んでいただきます。自分の得意なことだけに取り組むようなチーム開発ではなく、チーム内でソフトウェアライフサイクルを回すことが体験できます。
チーム開発がどんなものなのか気になる方はもちろん、どうやってチーム開発を進めればいいのか悩んでいる方にもおすすめです。もしかしたら何かヒントを見つけることができるかもしれません。本インターンシップで VOYAGE GROUP 流のチーム開発を学んでいきましょう。"
71,Wantedly,https://www.wantedly.com/projects/437386,iOS エンジニアコース,,,体験,,インターンLP : https://wantedlyinc.com/ja/summer_intern_2020  Wantedly のインターンシップは、メンター1人につき、学生が1人のマンツーマン型のインターンです。 実際の開発チームにメンバーとして参画し、社員と同じタスクに取り組んでいただきます。そのため、自分の書いたコードが本番にマージされ、デプロイされる、そんな環境での開発を体験することができます。  自分の力を試してみたい、Wantedly のサービスをさらによくできる自信がある、という人には非常におすすめのインターンシップです。
72,Wantedly,https://www.wantedly.com/projects/437212,Android エンジニアコース,,,体験,,
73,Wantedly,https://www.wantedly.com/projects/437282,Frontend エンジニアコース,,,体験,,
74,Wantedly,https://www.wantedly.com/projects/436019,Backend プロダクト開発コース,,,体験,,
75,Wantedly,https://www.wantedly.com/projects/438702,Backend 技術基盤開発コース,,,体験,,
76,Wantedly,https://www.wantedly.com/projects/439093,Infra 技術基盤開発コース,,,体験,,
77,Wantedly,https://www.wantedly.com/projects/437483,機械学習エンジニアコース,,,体験,,
78,Wantedly,https://www.wantedly.com/projects/435791,Data Scientist コース,,,体験,,
79,アカツキ,https://aktsk.jp/recruit/summer-internship2019/,Akatsuki Summer Internship 2020,,,体験,"Rails,Ruby,C"," 飛躍の夏を過ごしたいあなたへ！
「成長」と「つながり」を体感する3週間就業型インターン

下記3コースより選択し、実際の開発現場での業務に携わっていただきます。
各人にアカツキエンジニアがメンターとしてつき、コードレビュー、1on1などを通して「成長」をサポートいたします。
また、他コースに参加するインターン同期やアカツキメンバーとのランチ-ディナー会を通して「つながり」をつくっていただける機会になります。

- クライアントサイド
①Unity/C#を利用したゲームアプリケーション開発
②Cocos2d-xを利用したゲームアプリケーション開発

- サーバサイド
③Ruby on Rails/AWSを利用したアプリケーション開発と運用"
80,アカツキ,https://recruit.aktsk.jp/students/gamejam2020/,Akatsuki Game Jam,,,体験,,"この夏、本気のゲーム開発を体験したい人、技術力の腕試しをしたい人へ！

2日間で企画（アイデアソン）から実装まで、ゲーム開発を体験できるインターンシップです。
限られた時間の中で、発想力、技術力、プロジェクトマネジメント力、プレゼン力の全てをフル活用し、優勝を目指していただきます。

今年は「10」をテーマに開発いただきます。
3〜4人のチームを組み、各チームにメンターがつき、開発をサポートします。"
81,いい生活,https://e-seikatsu.snar.jp/jobboard/detail.aspx?id=nURMykS7fn9VQhdVYh9RHA,＜サマーインターン＞エンジニアコース5Days,,,体験,Vue,"今年はオンラインでの開催です！
なお、開催期間中、外出自粛、当社の在宅推奨期間でなければ、出社していただくことは問題ありません。

「Vue.jsで当社サービスのAPIを使ってチーム開発をしよう！」

いい生活は不動産業界にクラウドサービスを提供する不動産テック企業です。
サマーインターンでは数人でチームを組んで開発をし、最終日に発表していただきます。
（なお当初はFirebaseを使う予定でしたが、開催時のチームの状況を見て、チームによっては使っていただく形とします）

1日目：オリエンテーション～企画
2日目：開発
3日目：開発
4日目：開発・発表準備
5日目：成果発表

問い合わせ先：https://twitter.com/es_developers"
82,"Microsoft
",,サマー インターンシップ(開発職),,,体験,,"- プログラム マネージャー

製品や機能のビジョン、デザイン、仕様を開発チームやマーケティング チームと連携しながらドライブするとともに、そのプロジェクトの成功要件を定義し、テレメトリーを利用した主観的・客観的なデータの分析・評価まで、開発プロジェクトに対し責任をもってマネージするプロフェッショナル。

- ソフトウェア エンジニア

製品の仕様に基づき、ソフトウェア プロダクトの実装における設計・コーディング・テスト コードの開発及び品質管理から、定量的・定性的品質データをお客様から入手するためのシステムの実装、品質データの統計分析、評価、最終製品品質保証に至るまで、製品開発に関わるすべての工程に責任をもつ、開発のプロフェッショナル。"
83,"Microsoft
",,,,,体験,,"■技術職 (テクノロジースペシャリスト)

マイクロソフト製品のエンタープライズ ユーザー (企業顧客) のシステム部門や、大手 SI ベンダーからの技術的な問い合わせに対する支援活動を行います。電話や文書でのトラブル シュートの他に、トラブルが発生している現場に出向き、直接解決を図る場合もあります。トラブル対応以外にもお客様のシステム構築、プログラムの開発支援や開発部門に対するテクニカル フィードバックも行います。また、米国本社の研究開発部門または国内外の関連部署と連携しながら、お客様のトラブルに的確に応え、ソリューションを提供する非常にやりがいのある仕事です。英語力と技術力が必要ですが、それ以上にお客様の気持ちを察する感性、論理的に話す能力、違う角度から物事を見るスキル、役に立ちたいと想う情熱が必要です。マイクロソフトが誇る最新技術を学習していくために、全世界共通の研修プログラムが導入されています。

■技術営業職 (テクニカルセールス・コンサルタント等)

お客様の期待を超える付加価値の高い IT 提案を行って、営業活動の技術的な支援を行うテクニカルセールス、お客様プロジェクトのIT コンサルティングを行うコンサルタント、お客様専任の技術担当者として活躍するテクニカルアカウントマネージャ、技術系の職種も多種多様ですが、どの職種も 常に 最先端の技術開発の現場に立ち会うことができ、優秀な仲間と有意義なプロジェクトに携わることができます。お客様が安心してマイクロソフト製品やサービスをお使いいただくための大きな役割を担っています。

■営業/マーケティング職 (セールス・マーケティング)

多くのパートナー企業 (SIer 様など) と協力して、マイクロソフト製品の営業活動を行うパートナー営業、大手企業のお客様に対して営業戦略の立案を行い、製品、サービス、ライセンスプログラムやソリューションの提案を行うエンタープライズ営業、日本市場に対して製品のプロモーションを行うマーケティングなど、マイクロソフトには様々な営業・マーケティング職種があります。どの職種も、企画力や行動力が求められます。"
84,ソフトバンク,http://recruit.softbank.jp/graduate/recruit/internship/,JOB-MATCHインターン,,,体験,,ネットワークエンジニア、システムエンジニア、セキュリティエンジニア、ソリューションエンジニア、データエンジニア（AI、機械学習）データサイエンティスト（ビッグデータ）、プロダクト開発・サービス開発、研究開発など
85,日本ビジネスアート株式会社（ＪＢＡ）,"■オンライン説明会予約フォーム

https://forms.gle/NanGtfi1TbpjpCE48","JBA札幌長期インターン
（フロントエンドエンジニア／WEBデザイナー）",,,体験,,"■大手企業のコーポレートサイト、マーケティングサイト、商品サイト、キャンペーンサイト、採用サイト、イントラサイトなどの様々なコミュニケーションを設計し作り上げていきます。

１）フロントエンドエンジニア職
WEBページ作成、更新
HTML／CSSコーディング
Wordpressのテンプレート作成、実装

２）WEBデザイナー職
WEBサイトのデザイン
広告バナーの作成
デザインフォーマット作成"
86,株式会社Lightblue Technology,公式HP: https://www.lightblue-tech.com/ お問合せ:recruit@lightblue-tech.com Wantedly URL:https://www.wantedly.com/companies/lightblue-tech/projects,研究室のような雰囲気で、デジタル技術を社会実装する修士課程の学生募集！,,インフラ,体験,,"プログラム内容
データ分析や画像解析、また、それらの基盤となるプラットフォーム開発、デバイス開発の４種のポジションで募集します。
【データ分析】
〇時系列データや数値データの解析を行ってもらいます
〇自然言語処理も含まれます
【データ分析基盤構築】
〇分析基盤としてのインフラ構築
〇過去のAPIの高速化
【画像解析】
〇製品の良品不良品判定等の画像解析や動作解析を行ってもらいます
〇動作解析では、画像解析にとどまらず時系列解析も含みます
【デバイス開発】
〇画像解析導入のためのインフラ開発
〇デバイスの設計・発注"
87,チームラボ株式会社,"
https://open.talentio.com/1/c/teamlab/requisitions/detail/15423",Webアプリエンジニア オンラインインターン,,,体験,,"実際のプロジェクトに携わる10日間のインターンシップ。

チームメンバーの一員として、実業務に参加します。コードレビューやディスカッションを通じて、エンジニアとしての働き方を学べます。"
88,チームラボ株式会社,"
https://open.talentio.com/1/c/teamlab/requisitions/detail/15424",スマホアプリエンジニア オンラインインターン,,,体験,,"実際のプロジェクトに携わる10日間のインターンシップ。

チームメンバーの一員として、実業務に参加します。コードレビューやディスカッションを通じて、エンジニアとしての働き方を学べます。"
89,チームラボ株式会社, https://open.talentio.com/1/c/teamlab/requisitions/detail/15425,フロントエンドエンジニア オンラインインターン,,,体験,,"実際のプロジェクトに携わる10日間のインターンシップ。

チームメンバーの一員として、実業務に参加します。コードレビューやディスカッションを通じて、エンジニアとしての働き方を学べます。"
90,チームラボ株式会社, https://open.talentio.com/1/c/teamlab/requisitions/detail/15433,UI/UX デザイナー オンラインインターン,,,体験,,"実際のプロジェクトに携わる10日間のインターンシップ。

WebサイトやアプリのUI設計などのデザイン領域を担当します。より良いアウトプットにするため、チームメンバーと意見を出し合いながら、課題や実業務のブラッシュアップを行なっていきます。"
91,チームラボ株式会社, https://open.talentio.com/1/c/teamlab/requisitions/detail/15436,カタリスト オンラインインターン,,,体験,,"単目的設計最適化において，21試行のうち目的関数値が中央値を示した試行における目的関数値の進化の様子を図3に示す．灰色●プロットが実行不可能解，青色◆プロットがすべての制約条件を満たす実行可能解，赤色■プロットは最良解である．複数車種の同時最適化ベンチマーク問題[11,12]と同様，探査初期においては実行可能解が得られず，目的関数が悪化する方向へ実行可能解の探査を行っている様子が見られ，目的関数の改善と制約条件の充足と"
92,NTTドコモ,https://information.nttdocomo-fresh.jp/event/technical/#hackathon,ドコモハッカソン,,,体験,,ドコモハッカソンではドコモの一社員として、自らの能力・マインドを120%発揮して、チームでまだ世の中にない新しいアイディアを企画し、ハッカソンスタイルでサービスを開発していただきます。ドコモの最前線で活躍するエンジニア社員と共に、様々な技術を活用し、世の中にこれまでなかった新たな価値を生み出す楽しさを感じていただきながら、確実に成長することのできるインターンシップです。
93,ハウテレビジョン,18:08:12,【参加10万+賞金10万】実務を通じて外資就活を進化させるエンジニアインターン｜ハウテレビジョン,,,体験,,"外資就活ドットコムを運営するハウテレビジョンは実務経験型のエンジニアインターンを開催します。

インターンでは、みなさんが使っている「外資就活ドットコム」の機能を実際に開発、リリースするまでを目指していただきます。いつも使っているサービスを、自分が書いたコードで動かす。みんなが使う。そんなエキサイティングな経験をしてみませんか。期間中は参加者同士でチームを組み、メンター社員のサポートのもと新機能開発に挑戦して頂きます。

※昨年開催時の様子: https://blog.howtelevision.co.jp/entry/summer_intern_2019

今年は同内容のプログラムを2日程開催致しますので、ご都合の良い日程でエントリーください。"
94,Chatwork株式会社　　,https://hrmos.co/pages/chatwork/jobs/1020104/apply,【オンライン開催！】サマーインターンシップ'20／未来のエンジニア募集！,,,体験,"React,TypeScript","Chatwork のコーポレートミッション
「働くをもっと楽しく、創造的に」を体験！

オンライン開催となりますので全国からサマーインターン生を募集します。

今回のテーマは、「一歩先の働き方に挑戦する」です。

実際に働くことを体験してもらうため、インターン生同士でチームを組み、1つのものを作り上げてもらう体験型の形式です。
プログラミング言語 Scala / TypeScript をつかって実際に開発をおこなっていただきますので、これまで何かしらのプログラミング言語で開発をおこなったことがある方を優遇します。

インターンシップ中は、Chatwork で活躍中のエンジニアからアドバイスを受けながら、開発を進めていきます。


下記から応募時にご希望のコースをお選びいただきます。

【バックエンド (Scala)コース】
課題となるサービスへの新規機能開発を、DDD を用いた要求分析・設計を行い、プログラミング言語 Scala をつかってバックエンドのWeb API 実装を、チームで協力しながら行います。

【フロントエンド (TypeScript / React)コース】
課題となるサービスへの新規機能開発を、DDD を用いた要求分析・設計を行い、プログラミング言語 TypeScript と UI フレームワーク React を用いて、SPA として動作させるところまでを、チームで協力しながら行います。

こんなキーワードが気になる方：
エンジニアの働き方，チーム開発，Web開発，DDD，Scala，TypeScript，React，関数型プログラミング"
95,株式会社メディアドゥ,https://techdo.mediado.jp/entry/2020/05/27/103000,"＜電子マンガ100万円分プレゼント＆ 日当12,000円支給！/オンライン開催＞MediaDo Tech Internship ",,,体験,,"エンジニアとして成長したい22卒学生の方を対象に、オンラインでの有給インターンシップを開催します！
ビジネスを自ら企画・立案し、プロダクトの開発までを体験することで、企業で必要とされるエンジニアとしての能力を鍛えることができるインターンシップです。

＜インターンシップ概要＞
・電子書籍の新規ユーザー獲得をテーマに、ビジネスの企画、プロダクトの開発を行います。
・すべてのプロセスをオンラインで実施します。
・メディアドゥのトップクラスのエンジニアがメンターとしてサポートします。"
96,楽天株式会社,https://commerce-engineer.rakuten.careers/careers/graduates/internship/summer-short,2020二子玉川夏の陣-楽天インターン,,,体験,,"5人1チームで、テーマに沿って新規サービスのプロトタイプを開発していただきます。
・最終日に成果発表会を行います。
・事前課題があり、分からない部分は社員がフォローを行います。
・期間中は懇親会や先輩の話を聞くセッションがあり、楽天の開発を広く知る機会があります。"
97,楽天株式会社,https://commerce-engineer.rakuten.careers/careers/ll/graduates/intern/qa,"2020
Online QA Internship at Rakuten Travel",,,体験,,"WEBアプリケーション、スマホアプリにおける楽天トラベル各種機能の確認になります。
 
 ・テスト実施
 各々にテストケースがアサインされます。ケースには手順と期待値が記載されていますので、それに沿って、テストを実施し期待値と異なる場合はバグとして報告します。もちろん手順から派生するパターン・手順の一部変更など、創意工夫してケースを作って実施していただくことも歓迎です。
 
 ・バグレポート
 期待値とは異なる動作をしていた場合や、不具合と考えられる場合に、バグとしてフォームに記載して頂きます。その際にどの程度再現性があるか、どのような条件下で発生するか等調査していただく事も重要になります。"
98,ブレインパッド,https://hrmos.co/pages/brainpad/jobs/6010371,プロダクト開発エンジニアコース,,,体験,,"下記の開発テーマから選択をし、チームで協力しながら、実務レベルの開発または技術検証を行っていただきます。
1チーム3人程度を想定しており、各チームにエンジニア社員がメンターとしてつきます。また、他のチームやエンジニア社員との交流機会も予定しております。

■BrainPad製マッチングエンジンConomiを使用したWEBアプリケーション開発
―このテーマでは、データを活用し可視化するWEBアプリケーションの開発をしていただきます。
データの可視化に関する複数の課題の中から挑戦したい課題を選択し、どのような設計・UI/UXにすれば課題が解決できるかを考えながらWEBアプリケーションを作り上げてください。
WEBアプリケーションを作るための設計力・実装力が鍛えられ、チームで1つのプロダクトを作り上げる面白さや難しさを体感していただけます！


■BrainPadのSaaSを支える大規模データ基盤に関する技術検証
ーこのテーマでは、実際のプロダクトの課題解決を目的とした技術検証を行っていただきます。
複数の技術的課題の中から挑戦したい課題を選択し、どういった技術やツールをどのように利用すれば課題を解決できるかをチームで協力し検証してください。
実際の業務でどのような技術課題があるのかを知ることができ、技術検証を通して課題解決までのプロセスを体験することができます！"
99,ブレインパッド,https://hrmos.co/pages/brainpad/jobs/6010369,データサイエンティストコース,,,体験,,"国内最大規模のデータサイエンティスト集団を擁するブレインパッドが今夏、データサイエンティスト体験インターンシッププログラムを開催！
前半にデータサイエンティストに必要なスキルを習得いただき、後半は実データの分析から顧客の課題解決を行っていただく実践的なプログラムとなっています。"
100,ブレインパッド,https://hrmos.co/pages/brainpad/jobs/6010370,機械学習エンジニアコース,,,体験,,"実業務での適用を前提とした研究開発として機械学習/深層学習を用いて下記の2テーマのいずれかについて改善提案と検証を行っていただきます。

・旅行レコメンド
－目的地選び、行程のレコメンド
・異常検知手法の改善
－最新技術・論文の実装、追試"
101,ヤフー,https://about.yahoo.co.jp/hr/internship/1975,Yahoo!不動産 ユーザーの課題を発見しチームで開発,,,体験,,"【概要】
まだまだ伸びるサービスEC市場。ヤフーが注力するO2O（Online to Offline）領域のうち、本コースではYahoo!不動産の開発を体験していだきます。
5日間のプログラムを通じて、Yahoo!不動産の企画や開発を行い、ユーザー課題の解決や機能追加、改善に携わることで、サービスエンジニア、デザイナーとして一連の流れを体験できます。
※プログラムの都合上、全日程（8/31-9/4）のご参加をお願いいたします。

【内容（例）】
・Yahoo!不動産について、利用者の目線で課題を発見
・発見した課題に対して、エンジニアとデザイナーから構成されるインターン生チームで解決策を検討し、提案、実装
・成果発表＆レビュー"
102,ヤフー,https://about.yahoo.co.jp/hr/internship/1973,Yahoo!ショッピング ユーザー体験向上を目指してチームで企画＆開発,,,体験,,"【概要】
ストア数・商品数、取扱高ともに年々成長しているYahoo!ショッピングのユーザー体験向上のための改善案をご検討いただき、企画提案からサービスの開発・デザインまで、一連の流れを体験していただきます。

本コースでは、約3.4億もの商品数を誇るYahoo!ショッピングを支えるシステムやデザインについて学ぶことができます。
また、実際のデータを使いながら、Yahoo!ショッピングのユーザー体験向上のための課題と改善案を検討後、企画を社員に提案し、課題解決に向けた機能の開発やデザインに挑戦いただけます。
エンジニアとデザイナー合同のチームで成果物を作り上げる経験もできます。

※プログラムの都合上、全日程（8/31-9/4）のご参加をお願いいたします。

【内容（例）】
・Yahoo!ショッピングのトップページ改善に関する考察、検証、開発
・社員への企画提案（プレゼンテーション）、レビュー
・プロダクトの発表（プレゼンテーション）、レビュー"
103,ヤフー,,ヤフオク! アプリ（iOS/Android）実際の業務コードでペアプログラミング,,iOS,体験,,"【概要】
ヤフオク!チームでは、2016年11月 からLean XPによる開発を行っています。
本コースでは、実際の業務コードを触りながら、Lean XPによるiOS/Android アプリの開発をしていただきます。

本コースの特長は下記のとおりです。
・実際の業務コードを触りながら、ヤフオク!のアプリ開発業務を体験できる
・当社社員と組んでペアプログラミングを行う（Androidアプリ開発は、Androidの第一人者＜黒帯＞とペアプログラミングを行っていただく予定です）。
　参考：黒帯制度　https://about.yahoo.co.jp/hr/article/550625/

【内容（例）】
新規機能の開発、提案（UIディスカッションなど）"
104,ヤフー,https://about.yahoo.co.jp/hr/internship/1980,Kubernetes as a Service（KaaS）チームで実践アジャイル開発,,,体験,,"【概要】
Kubernetes を利用したアジャイル開発を体験していただきます。
ヤフーで Kubernetes as a Service を提供するクラウドプラットフォーム本部のメンバーと Kubernetes を利用したアプリケーションのアジャイル開発を実践していただけます。

【内容】
ヤフーで日本最大級の Kubernetes as a Service（KaaS）を提供するチームと合同でアジャイル開発を行いながら、Kubernetes を利用した開発を実際に体験いただけます。

ヤフーの KaaS チームは普段の業務をアジャイル開発で実践しています。アジャイル開発ではプロダクトオーナーと相談しながら、プロダクトに必要な機能を実装し、デモンストレーションを交えて「求められているプロダクト提供」を目指します。

Kubernetes や KaaS の仕組みについて理解を深めることができます。

【公開資料】
・「Kubernetes as a Serviceを2年稼働させて、行ってきた改修と知見紹介 #k8s - Yahoo! JAPAN Tech Blog 」https://techblog.yahoo.co.jp/entry/20200203804048/

・「クラスタ数530以上、大規模Kubernetesを運用するエンジニア組織の作り方 #k8s - Yahoo! JAPAN Tech Blog 」https://techblog.yahoo.co.jp/entry/20191211786995/"
105,ヤフー,https://about.yahoo.co.jp/hr/internship/1981,Yahoo! JAPANアプリ（iOS）開発した機能を実際にリリース,,iOS,体験,,"【概要】
国内最大級のユーザー数を誇るYahoo! JAPANアプリは、多くのユーザーにとってより便利なアプリとなるよう、日々アップデートしています。
本コースでは、iOS版のYahoo! JAPANアプリで実際にリリースされる機能を現場エンジニアと一緒に実装していただきます。

本コースの特長は下記のとおりです。
・iOSアプリの第一人者（黒帯）が直接サポート
　参考：黒帯制度　https://about.yahoo.co.jp/hr/article/550625/
・個人開発では経験することのできない、大規模なアプリならではの技術的な課題に取り組める
・チームで課題に取り組む経験ができる
・開発したものを実際にリリースし、多くの人の手に届ける経験ができる

【内容（例）】
・プロトタイプの検討、実装
・アプリへの機能追加"
106,ヤフー,https://about.yahoo.co.jp/hr/internship/1982,Yahoo! JAPANトップページ 新規コンテンツのチーム開発,,,体験,React,"【概要】
Yahoo! JAPANのトップページは、長年にわたりたくさんのユーザーに愛され、利用されています。
本コースでは、実際のスマートフォン版トップページの環境で、新規コンテンツの企画、開発に取り組んでいただきます。

本コースの特長は下記のとおりです。
・実際のトップページでも使われているReact/Redux・Node.jsといった技術や、HTML/CSSのより良い書き方など、
ウェブページ開発における実践的な手法を学ぶことができる
・3人1組でのコンテンツ作成を通して、Gitを活用したチーム開発や、企画立案からリリースまでの一連の流れを体験できる

【内容（例）】
・Yahoo! JAPANのトップページやReact・Redux等の技術についての講義
・スマートフォン版Yahoo! JAPANトップページに掲出される新規タブコンテンツの企画、開発
・成果物のプレゼンテーション、レビュー
※インターンシップ期間中に適切な案件がある場合、内容を変更し、該当案件の開発に挑戦していただきます。"
107,ヤフー,https://about.yahoo.co.jp/hr/internship/1983,コマース事業 複数サービスで利用されるシステムの開発,,,体験,JavaScript,"【概要】
ヤフーのコマース事業には、Yahoo!ショッピングをはじめとして、Yahoo!プレミアム、Yahoo!携帯ショップ、Yahoo!ゲーム、Y!mobileオンラインストア、ebook japan など、さまざまなサービスがあります。
これらのサービスにおける、ウェブサイトやキャンペーンの運営等、複数のサービスで横断的に利用しているシステムの開発に携わっていただきます。
複数の社内ウェブツールや、それに関わるバックエンドシステムの開発を担当するチームの一員として、開発業務の体験ができます。

【内容（例）】
・JavaScript、Nuxt.jsを使ったフロントエンド開発
・Paas環境で動作するアプリケーションの開発
・スクラム開発の体験"
108,ヤフー,https://about.yahoo.co.jp/hr/internship/1984,コマース事業 ユーザー行動の分析で推薦システムの精度改善＠大阪,,,体験,,"【概要】
ヤフーのコマース事業では、多くの商品をユーザーの多様なニーズに合わせて提供するための推薦システムを構築しています。
本コースでは、ユーザーの行動を分析したうえで最適な商品推薦アルゴリムを検討する課題に取り組んでいただきます。
実運用している推薦システムを取り扱い、ヤフーが持つビッグデータに触れていただくことで、
データサイエンスが実際のビジネスにどのように適用されているのかを知り、それを体験することできます。

また、本コースは大阪オフィス所属の社員が担当するため、特に関西圏の方の参加を歓迎いたします！

【内容】
オンラインショッピングにおける購買予測"
109,ヤフー,https://about.yahoo.co.jp/hr/internship/1985,Private PaaS（Platform as a Service）のチームにJoin,,,体験,Go,"【概要】
ヤフーでは各種サービスを支えるために、世界規模のPrivate PaaS （Platform as a Service）を開発、運用しています。
本コースでは、Private PaaSのさらなる発展のための業務体験を通して、大規模プラットフォーム開発に関する知見、特にSREやDevOpsといった領域のスキルを学ぶことができます。

【内容（例）】
・PaaSプラットフォームにおける状況可視化の拡張、改善（Go/Prometheus/Grafana）
・PaaSプラットフォームソフトウエアにおける更新の全自動化（Shell/Go/CICD）
・PaaSプラットフォームログ転送機能アーキテクチャ刷新（Kubenetes/Go）
・PaaSプラットフォーム利用者向けCICDパイプラインテンプレートの作成（Shell/Go/CICD）
※内容は状況に応じて変更となる可能性があります。

【公開資料】
・「40,000コンテナのPrivate PaaSを実現するために必要だったこと」
https://techblog.yahoo.co.jp/entry/20191222793763/
・「Operating Pivotal Application Service at Scale」
https://springoneplatform.io/2019/sessions/operating-pivotal-application-service-at-scale"
110,,https://about.yahoo.co.jp/hr/internship/1986,セキュリティ 認証・アクセス制御に関するプロダクト開発,,,体験,,"【概要】
ヤフーのセキュリティテクノロジー部門では、Yahoo! JAPANをご利用いただいているユーザーの大事なデータを安全に保護し、情報漏洩などのインシデントによる被害を防ぐために、さまざまなセキュリティ対策に取り組んでいます。
本コースでは、セキュリティ対策の一部である、Yahoo! JAPANのエンジニアが利用する認証・アクセス制御に関するセキュリティプロダクトの開発業務を、実際に社内で活用するチーム開発手法を用いながら体験していただきます。

【内容（例）】
・パスワードレスなど次世代認証技術の実験
・社内のサービス開発エンジニアが利用する認証プラットフォームの開発や改修


"
111,ヤフー,https://about.yahoo.co.jp/hr/internship/1987,DS.INSIGHT 法人向けの検索・位置情報データの可視化ツール開発＠大阪,,,体験,,"【概要】
ヤフーは、保有する大量の行動データ（検索、位置情報データなど）を活用し、企業や自治体などを対象に調査・分析ツール（DS.INSIGHT）を提供しています。
本コースでは、検索、位置情報データから企業、自治体の課題解決のインサイトを得られるようなデータ分析、可視化方法の検討、開発に取り組んでいただきます。
実際にDS.INSIGHTで利用しているデータに触れながらデータ分析、可視化ツール開発を体験できます。

また、本コースは大阪オフィス所属の社員が担当するため、特に関西圏の方の参加を歓迎いたします！

【内容（例）】
検索、位置情報データを利用した法人向け可視化ツールの開発"
112,ヤフー,https://about.yahoo.co.jp/hr/internship/1988,Yahoo! BEAUTY スクラムでプロダクト開発,,,体験,,"【概要】
Yahoo! BEAUTYは、昨年12月にリリースされた新しいサービスです。
実際のプロダクト開発チームに入っていただき、コーディング、テストなどのリアルな開発現場を体験できます。
本コースでは、参加いただける方のスキルにあわせFE / BFF / BE いずれかの開発を行っていただきます。

【内容】
・スクラムでのプロダクト開発
・スキルにあわせた FE / BFF / BE いずれかの開発
・ペアプログラミングを通したコーディング、テストの体験"
113,ヤフー,https://about.yahoo.co.jp/hr/internship/1989,Yahoo!ニュース 実際の開発環境で学ぶフロントエンド開発,,,体験,,"【概要】
本コースでは、Yahoo!ニュースのウェブサイトにおける改善案の企画、開発、提案に取り組んでいただきます。
実際の開発環境でYahoo!ニュースの魅力に触れることができます。

本コースの特長は下記のとおりです。
・実際にユーザーに提供されているウェブサイトの企画、開発、提案に携われる
・2人一組にてフロントエンド開発を行う
・Yahoo!ニュースの魅力に触れられるよう、開発担当社員との交流機会も用意

【内容（例）】
・Yahoo!ニュースにおける改善案の企画、開発、提案（内容は個々のスキル等に応じて決定します）
・プレゼンテーション、レビュー"
114,ヤフー,https://about.yahoo.co.jp/hr/internship/1990,Yahoo!ファイナンス スクラムやペアプロでサービス開発,,,体験,,"【概要】
金融領域での開発に携わっていただきます。
実際にリリースされる案件について、スクラムやペアプログラミングといった開発手法を用いながら、
仕様策定から設計、実装、テストといった一連のプロセスを現場の社員と一緒に学習、体験いただきます。

【内容（例）】
Yahoo!ファイナンスでのサービス開発"
115,ヤフー,https://about.yahoo.co.jp/hr/internship/1991,Yahoo!ショッピング ストア管理画面の改善案の企画＆開発＠福岡,,,体験,,"【概要】
ストア数・商品数、取扱高ともに年々成長しているYahoo!ショッピングの出店ストア用管理画面の改善案を検討し、実際に開発をしていただきます。
改善案の企画、デザイン検討、サービス開発といった一連の流れを体験できるとともに、大きなサービスを支える裏側の仕組みにも触れることができます。

また、本コースは天神オフィス所属の社員が担当するため、特に福岡県在住の方の参加を歓迎いたします！

【内容（例）】
・Yahoo!ショッピングの出店ストア用管理画面における改善案の検討、検証、開発
・社員への企画提案（プレゼンテーション）、レビュー
・プロダクトの発表（プレゼンテーション）、レビュー"
116,ヤフー,https://about.yahoo.co.jp/hr/internship/1992,ユーザー行動ログ アクセス解析ツールの開発,,,体験,,"【概要】
ヤフーでは、アプリやウェブサイト内でのユーザーの行動を集計、可視化する「アクセス解析ツール」を開発しています。このツールは社内で広く、サービスの改善や企画に使われています。
本コースでは、Data Visualization（データ可視化）の技術を活用したデザインや UI 開発、設計と実装、リリースといった一連のサイクルに携わっていただきます。

本コースの特長は下記のとおりです。
　・ヤフーが誇る大規模なサービスの実際のユーザー行動ログに触れながら、可視化ツールの開発を経験できる
　・実際のコードを利用し、普段の業務に近いかたちで設計、開発、リリースを経験できる
　・さまざまなサービスのアクセス解析ニーズに応えるシステムに触れることができる

【内容（例）】
・アクセス解析ツールのUI改善、開発
・アクセス解析ツールにおけるデータ可視化のデザイン改善、開発"
117,ヤフー,https://about.yahoo.co.jp/hr/internship/1993,全社データ BIツール推進とマルチビッグデータの分析,,,体験,,"【概要】
データ分析ツール「Tableau」の利活用推進と、ヤフーのさまざまなサービスから集まったマルチビッグデータを用いた分析業務を体験いただけます。

Tableauは全世界で5万社以上の企業が利用し、ヤフー社内でも月間3000人以上が利用するBI（Business Intelligence）ツールです。
ヤフーの各種サービスから集まるマルチビッグデータを可視化することにより、多くの社員の意思決定に活用されています。
本コースでは一連のTableauの推進業務とヤフーのマルチビッグデータを用いた分析課題に挑戦いただけます。

【内容（例）】
・Tableau推進業務
　Tableauの活用方法提案、Tableau環境の最適化を体験いただけます。

・マルチビッグデータを用いた分析課題
　ヤフーのサービスの実際のデータを用いた分析課題に取り組んでいいただきます。データの加工、可視化、提案の一連のステップを体験できます。

【公開資料】
・「ヤフー株式会社、Hadoopからのデータ読込時間が半日から数分へ～」
https://www.tableau.com/ja-jp/solutions/customer/yahoo-japan-optimizes-workforce-analyzing-big-data-minutes-tableau
・「ヤフーにおけるデータの可視化」
https://www.slideshare.net/techblogyahoo/yjbonfire-171472760"
118,ヤフー,https://about.yahoo.co.jp/hr/internship/1994,ユーザー行動データ Androidアプリ向けライブラリ開発,,,体験,"Java,Kotlin","【概要】
ヤフーのほぼすべてのAndroidアプリで利用されるアプリ向けライブラリの開発を行っていただきます。
開発対象は、ユーザー行動データを自社のデータプラットフォームに収集するためのライブラリです。
現在Javaで書かれているコードのKotlin化に挑戦していただく予定です。

本コースの特長は下記のとおりです。
・実際のコードを利用した、普段の業務に近いかたちでの開発を経験できる
・ヤフーが提供するさまざまなサービスからデータを抽出するためのライブラリづくりにおいて、どんなことを工夫しているかを学ぶことができる

【内容（例）】
Javaで書かれたアプリ向けライブラリのKotlin化"
119,ヤフー,https://about.yahoo.co.jp/hr/internship/1995,全社データ ビッグデータ処理システムの開発＆OSS貢献,,,体験,,"【概要】
ヤフー社内でビッグデータ処理システムとして活用している Apache NiFi の新機能を開発していただきます。
設計、実装、テスト（＋OSS貢献）といった一連の開発業務を体験できます。
※Apache NiFi とは、システム間のデータ連携をWeb UIで設計、管理して自動化できるプラットフォームのひとつで、OSS（オープンソースソフトウエア）として公開されています。Apache NiFi の committer がメンターを担当します。
参考：
・Apache NiFi
https://nifi.apache.org/
・「ヤフー社内のデータ連携を爆速で構築する方法　#ApacheNiFi」
https://techblog.yahoo.co.jp/entry/20191224797450/

【内容（例）】
・Apache NiFiの新規コンポーネントの開発（具体的なテーマは個々のスキル等に応じて決定します）
・Apache NiFiの機能改善、コミュニティJIRAのチケット対応
・Apache NiFiの機能検証、性能評価の実施と報告
※内容は状況に応じて変更となる可能性があります。"
120,ヤフー,https://about.yahoo.co.jp/hr/internship/1996,全社データ 社内ウェブアプリケーション「データカタログ」の新機能開発,,,体験,,"【概要】
ヤフーの社内で利用するウェブアプリケーション「データカタログ」の機能改修を体験していただきます。
新機能の企画、設計、開発、テスト、リリースまでのひととおりの流れを担当いただくなかで、
ウェブアプリケーション開発の現場を体験できます。

※「データカタログ」とは、ヤフーで蓄積されているデータの目録です。
どこにどんな定義のデータがあるか、利用方法はどうなっているか、などデータに関する情報を管理するプロダクトです。

【内容（例）】
下記のいずれかを予定しています。
・データカタログにおける新機能の企画、開発
・データカタログの機能改善"
121,ヤフー,https://about.yahoo.co.jp/hr/internship/1997,ユーザー行動データ iOSアプリ向けライブラリ開発,,iOS,体験,"Swift,C","【概要】
ヤフーのほぼすべてのiOSアプリで利用されるアプリ向けライブラリの開発を行っていただきます。
開発対象は、ユーザー行動データを自社のデータプラットフォームに収集するためのライブラリです。
現在Objective-Cで書かれているコードのSwift化に挑戦していただく予定です。

本コースの特長は下記のとおりです。
・実際のコードを利用した、普段の業務に近いかたちでの開発を経験できる
・ヤフーが提供するさまざまなサービスからデータを抽出するためのライブラリづくりにおいて、どんなことを工夫しているかを学ぶことができる


【内容（例）】
・Objective-Cで書かれたアプリ向けライブラリのSwift化"
122,ヤフー,https://about.yahoo.co.jp/hr/internship/1998,Yahoo!天気アプリ（iOS）開発チームにJoin＠大阪,,,体験,,"【概要】
多くのユーザーに人気のアプリ、Yahoo!天気。
本コースではYahoo!天気アプリにおける課題の解決に挑戦していただきます。

本コースは大阪オフィス所属の社員が担当するため、特に関西圏の方の参加を歓迎いたします！

【内容（例）】
Yahoo!天気アプリの開発（課題は個々のスキル等に応じて決定します）"
123,ヤフー,https://about.yahoo.co.jp/hr/internship/1999,Yahoo!検索 ウェブ検索結果を改善するフロントエンド開発,,,体験,,"【概要】
Yahoo!検索は、ウェブにおける一つの行動起点として重要な役割を担っています。
本インターンシップでは、Yahoo!検索のプロダクト開発に携わっていただきます。
Yahoo!検索を通して、世の中の課題解決したい方を歓迎します。

※プログラムの都合上、全日程（8/31-9/11）のご参加をお願いいたします。

【内容（例）】
Yahoo!検索のシステムや仕組みについての学習、開発（主にフロンドエンドの開発となります）"
124,ヤフー,https://about.yahoo.co.jp/hr/internship/2000,Yahoo!ブラウザーアプリ（Android） リリースにつながる案件の開発,,,体験,,"【概要】
本コースでは、Android領域におけるYahoo!検索のユーザー増加を目的に開発、運用しているアプリ「Yahoo!ブラウザー」の開発業務を経験していただきます。
開発を通じて、ヤフーのアプリ開発におけるフローや現場の雰囲気を体験できます。

本コースの特長は下記のとおりです。
・「Yahoo!ブラウザー」は他のサービスと比べると少人数での開発を行っているため、ヤフーの小規模チームにおけるアプリ開発フローを学ぶことができる
・サポート担当の以外の社員とも適宜相談ができる

※プログラムの都合上、全日程（8/31-9/11）のご参加をお願いいたします。

【内容（例）】
具体的な案件は未定ですが、下記のような案件のなかからご希望のものを選択いただく予定です。
・リリース予定の複数の小案件
・リリース予定の中案件
・リリースは未定の自分である程度仕様を考えられる案件
・社員と連携して部分的に担当する大案件
※案件によりインターンシップの期間内にリリースができない可能性があります。ご了承ください。"
125,ヤフー,https://about.yahoo.co.jp/hr/internship/2001,地図サービス ヤフーが公開しているAPI（YOLP）の開発,,,体験,Java,"【概要】
ヤフーが一般の開発者向けに公開しているYahoo! Open Local Platform（YOLP） API （https://developer.yahoo.co.jp/webapi/map/）のパフォーマンス改善やリファクタリングに携わっていただきます。
YOLPは、ヤフー社内でも使われているAPIです。 
現在Spring Boot/Javaで構築されているアプリケーションには性能面に課題が残っています。
ロジックの改善やストレージの見直しを含めた改善作業を通じて、ヤフーのエンジニアが日々取り組んでいる業務を経験できます。

【内容（例）】
ヤフーの地図サービスを支えるバックエンドサービスの課題解決"
126,ヤフー,https://about.yahoo.co.jp/hr/internship/2002,金融領域のビッグデータ分析と開発,,,体験,,"【概要】
金融領域での開発に携わっていただきます。
ヤフーの持つビッグデータや、それを支える基盤への理解を深め、実業務のなかでそのデータがどのように利活用されているかを知ることができます。

【内容（例）】
金融領域におけるデータ利活用のための開発"
127,ヤフー,https://about.yahoo.co.jp/hr/internship/2003,Yahoo!ショッピング ビッグデータで広告クリック確率予測モデルの精度改善,,,体験,,"【概要】
多くのストアに出店いただいているYahoo!ショッピングでは、ストアの売上向上のため、広告を出稿しています。
広告の出し方の一つに、ユーザーが検索したキーワードに応じて検索画面に広告を表示する方法があります。
この方法では、検索クエリとより親和性が高い商品の広告を提供することが、ユーザーと広告主の双方にとって重要です。
そこで、本コースでは、ビッグデータを活用し、広告商品のクリック確率予測を行い、ユーザーの検索意図に合った商品を推定することで、広告システムの改善に取り組んでいただきます。

【内容（例）】
Yahoo!ショッピング内の検索における広告商品のクリック確率予測モデルの精度改善"
128,ヤフー,https://about.yahoo.co.jp/hr/internship/2004,YJVOICE 注目技術を活用した音声認識エンジンの精度改善,,,体験,,"【概要】
ヤフーでは独自の音声認識エンジン""YJVOICE""を開発しています。
本コースでは、次世代の音声認識手法として近年注目を集めているend-to-endモデルのプロダクト化にあたって重要な2つの課題の解決に取り組みます。
1つ目は逐次入力される音声に対し逐次文字列を出力するオンライン化、2つ目は雑音環境下での音声認識率の向上です。

【内容（例）】
ESPnetを用いた、 Transformer、RNN-TransducerやCTCといったモデルの改良、オンライン化や雑音環境下での精度改善"
129,ヤフー,https://about.yahoo.co.jp/hr/internship/2005,広告 データ分析で広告配信量の予測精度を改善,,,体験,,"【概要】
Yahoo! JAPANの広告商品には、広告主が事前に配信期間と配信量を決めたうえで予約購入できる商品があり、
このような商品の販売には、広告配信量の予測が不可欠です。

具体的には下記のような品質保証を行っています。
・配信期間中の目標配信量を達成すること
・日々の配信量を均等に保つこと

このため、impression（広告配信量）の予測精度の向上は重要な課題となっています。
本コースでは、このimpression予測の精度改善に取り組んでいただきます。

【内容（例）】
impression（広告配信量）の予測精度の検証および精度改善"
130,ヤフー,https://about.yahoo.co.jp/hr/internship/2006,全社ユーザーデータを活用してレコメンドモデルを改善,,,体験,,"【概要】
現在ヤフーで利用しているレコメンドモデルは、レコメンド利用サービスの行動履歴があるユーザーに対してはある程度の性能を発揮しますが、履歴がない、あるいは少ないユーザーに対してのレコメンド性能にはまだ課題が残っています。

そこで本コースでは、ヤフーの他サービスでの利用傾向などを用いてユーザーの情報を補完することで、
履歴が少ないユーザーへのレコメンド性能の向上を目指していただきます。

【内容（例）】
特定のサービスを普段利用していないユーザーに対するレコメンド性能向上"
131,ヤフー,https://about.yahoo.co.jp/hr/internship/2007,全社のデータを活用したユーザー特徴のモデリング,,,体験,,"【概要】
ヤフーではユーザー一人ひとりのさまざまな属性をログから推定した「ユーザー推定属性データ」を作成しており、サービスの改善に活用しています。
一方で、サイエンティスト向けのモデリングの特徴量にそのまま利用できる「ユーザー推定属性データ」は存在しないため、さまざまなサービスで使えるユーザー属性データ開発のニーズが高まっています。
そこで本コースでは、そのなかでも深層学習で使えるデータの開発に取り組んでいただきます。

【内容（例）】
深層学習で使える「ユーザー推定属性データ」の開発"
132,ヤフー,https://about.yahoo.co.jp/hr/internship/1974/,広告 スキルマッチするチームに参加し実践的開発課題に挑戦,,,体験,JavaScript,"【概要】
ヤフーのビジネスの柱である広告は、ユーザーに情報を届けるためのものであるとともに、大手企業から個人事業主の方まで幅広い広告主が広告宣伝を行うプラットフォームでもあります。
そのため、広告主のニーズを満たすために日々改善が続けられています。
健全な広告を維持するために効率的な審査を行えるようAIを活用したり、多くのユーザーがYahoo! JAPANのページを開いたときでもきちんと広告が表示できるような膨大なトラフィック処理を実現するために、フロントエンドからバックエンド、ビッグデータなどのサイエンス領域まで幅広い技術に支えられています。
本コースでは広告に関するさまざまな課題をご用意しており、参加いただく方のスキルに合ったチームで、普段ヤフーのエンジニアが行っているシステム開発を経験できます。

【内容（例）】
・スマートフォン向けの広告SDK、関連アプリ、ツールの開発
・JavaScriptを使ったデザイン関連の開発
・広告審査の部門からフィードバックされた改善要望の開発
・Yahoo!広告ヘルプサイトの開発
・広告配信時のユーザーデータ利活用の仕組みの開発

参考：
「成長したいエンジニアに知ってほしい、マーケティングコンサルタント・広瀬信輔とヤフーMSC開発本部長・小沼剛が語るアドテクの魅力」
「インターネット広告の未来は僕らが現場で切り拓く！ ヤフーのアドテクエンジニア3部長が語る座談会」"
133,Chatwork株式会社,https://hrmos.co/pages/chatwork/jobs/1020104/apply,増枠！忘れられない夏、Scalaエンジニアサマーインターンシップ'20,,,体験,,"Chatwork のコーポレートミッション 
「働くをもっと楽しく、創造的に」を体験！

オンライン開催となりますので全国からサマーインターン生を募集します。

今回のテーマは、「一歩先の働き方に挑戦する」です。

実際に働くことを体験してもらうため、インターン生同士でチームを組み、1つのものを作り上げてもらう体験型の形式です。 
プログラミング言語 Scala をつかって実際に開発をおこなっていただきますので、これまで何かしらのプログラミング言語で開発をおこなったことがある方を優遇します。

【バックエンド (Scala)コース】
課題となるサービスへの新規機能開発を、DDD を用いた要求分析・設計を行い、プログラミング言語 Scala をつかってバックエンドのWeb API 実装を、チームで協力しながら行います。

インターンシップ中は、Chatwork で活躍中のエンジニアからアドバイスを受けながら、開発を進めていきます。

こんなキーワードが気になる方：
エンジニアの働き方，チーム開発，Web開発，DDD，Scala

[開催期間]
2020年8月17日（月）〜 2020年9月4日（金）平日のみ15日間
・前半5日間：講義
・後半10日間：チーム開発での業務(給与支給対象)

[応募期間]
書類締め切り：2020年7月10日（金）

[選考期間]
2020年7月13日（金）〜2020年7月17日（金）
にてこちらが指定する日時に面談を受けて頂きます。
枠が限られておりますので、調整が難しい際は申し訳ありませんが、ご辞退にて承りますので御留意ください。

［給与］
日給 8000円（後半10日間の業務に支給）"
134,LeapMind Inc. ,https://hrmos.co/pages/leapmind/jobs/000,[サマーインターン] Deep Learningエンジニアコース,,,体験,"C,Python","以下のようなプロジェクトがあります。プロジェクトにより、技術的な難易度や取り組む範囲は様々です。

Blueoil (OSS)の開発
1. コンパイラの最適化（グラフ分割、メモリ割り当てなど）
必要なスキル：C ++、アルゴリズムとデータ構造の深い知識（例：AtCoder 2200+）

2. Blueoilを使用して、バイナリ量子化された表情認識モデルを構築する
3. Blueoilを使用して軽量のキーポイント検出モデルを構築する
必要なスキル：Pythonの基礎、CSの知識（学部レベル）

4. Blueoilを使用して軽量のキーポイント検出モデルを構築する
5. データをトレーニングせずに知識を抽出します。失敗した場合は、小さなトレーニングデータを使用します
必要なスキル：Pythonの基礎、CSの知識（学部レベル）、ディープラーニング
機械学習・深層学習の手法・モデル開発
6. 画像/動画の異常検出モデルを実装する
7. オブジェクト検出、セマンティックセグメンテーション、ポーズ推定などのタスクにCNNを実装します。
必要なスキル：Pythonの基本、機械学習の基本
インフラストラクチャー
8. kubeflowシステムを構築し、Blueoil、PyTorchワークフローを実装する
必要なスキル：Kubernetes、Docker、Linux
歓迎スキル： Tensorflow / Pytorch"
135,モルフォ,https://open.talentio.com/1/c/morphoinc/requisitions/detail/5676,"Internship *Year-round internship program
",,,体験,,"興味のある事と期間に応じてテーマを決定し、最終日に研究成果の発表をします。 主な研究領域は画像処理、画像認識（ディープラーニング）です。

過去のテーマ例：

GANを用いて雨画像から雨を除去
ドキュメントから影を除去するアルゴリズムの開発+アンドロイドアプリの作成
Kaggle（The 2nd YouTube-8M Video Understanding Challenge）
Tucker分解を用いたConvolution kernelの低ランク近似
Real-time Multiple Object Tracking(MOT) based on YOLO9000 and GOTURN
特定ドメイン向けの超解像 及び他ドメインへの転移学習
FocusPeakingアプリ
Deep Learningを用いた物体検出／物体検出モデルのスマホアプリ実装
インスタグラムのフィルターを再現する
GANを用いて虫食い画像を復元する
Deep Image Matting／人物、背景セグメンテーション
四隅検出
depthデータ付き画像のエフェクト加工
画像のエッジ検出／ディザ法によるハーフトーン処理／ステンドグラス風の画像エフェクト
ピクセル化／色調補正"
136,株式会社タンバリン,"▼1dayインターン募集（こちらよりエントリーください）
https://www.wantedly.com/projects/479109

【その他】
▼公式note「tambourine magazine」
https://note.mu/mmmxmmm/m/m7338b08ddd48
▼タンバリン公式メディア一覧
https://linktr.ee/tambourine_inc",オンライン開催！1dayインターンシップ｜モブプログラミングを体験しよう！,,,体験,,"「zoom」を用いて、モブプログラミングを体験していただきます！

【モブプログラミングとは？】
複数名で1台のPC・ディスプレイを共有しコードを書いていく開発手法です。
アメリカの Hunter Industries社が 2012年頃に始めたといわれており、
業界的にも注目されている開発手法です。

【今回の1dayインターンシップを通して学べること 】
・現場の最前線で活躍する当社エンジニアや一緒に開発するメンバーと知識や経験を共有できる。
・レベルに関わらず全員が同じ課題に触れるので、他者の解決方法を知ることで自分に抜けている視点に気づき、成長のヒントを得ることができる。
・フラットに意見を言い合う環境下でコードを書いていくので、自分の最大知を引き出しながらチームで協働する経験を得ることができる。
・メンバー一丸となって課題を解決する、チーム開発の醍醐味を体感できる。

▼実践では、1チーム4〜5人に分かれて、zoomで画面共有しながら、全員でコードを書いていただきます。（お題は当日発表）"
137,株式会社タンバリン,"▼3daysインターン募集（こちらよりエントリーください）
https://www.wantedly.com/projects/497370

【その他】
▼公式note「tambourine magazine」
https://note.mu/mmmxmmm/m/m7338b08ddd48
▼タンバリン公式メディア一覧
https://linktr.ee/tambourine_inc",3days Webエンジニアインターン｜チーム開発を体験しよう！ #1,,,体験,,"タンバリンでは、3日間の短期インターンシップをオンラインで開催します！

【概要】
インターン生でチームを組み、タンバリンのデザイナーが作った画面デザインをもとにWebサービスの開発をしていただきます。
　・はじめにWebサービスの全体感について説明します。
　・その後、チームに分かれて開発を行っていただきます。
　・各チームでタンバリンのエンジニアがメンターを担当し、随時レビュー・フィードバックを行います。
　・最終日は成果発表を行っていただきます。

【今回のインターンシップを通して学べること 】
・現場の最前線で活躍する当社エンジニアや一緒に開発するメンバーと知識や経験を共有できる。
・レベルに関わらず全員が同じ課題に触れるので、他者の解決方法を知ることで自分に抜けている視点に気づき、成長のヒントを得ることができる。
・ メンバーで一丸となって課題を解決する、チーム開発の醍醐味を体感できる。"
138,株式会社アウトソーシングテクノロジー,エントリーはこちらから https://www.ostechgroup-recruit.jp/intern/docs/online-internship2022ss.pdf   下記リクナビからも応募可能 https://job.rikunabi.com/2022/company/r644110049/internship/,https://www.ostechgroup-recruit.jp/intern/docs/online-internship2022ss.pdf,,,体験,,"【概要】
僕たちはどう生きるか
100人の現役エンジニアから選ぶ、
僕たちのオンライン体験。
コンセプトは、ニューノーマル時代において「新しい働き方の価値観」とは。オンラインでありながら個々が成長を「体感」できるプログラムです。現役エンジニア１００人からチョイスして話が聞ける「トークタイム」、今後の採用動向や、マンツーマンでの「就活講座」など、多様な人材を抱えるOSTechだからできる充実したメニューとなっています。
3days/1day選択制"
139,株式会社ウェザーニューズ,https://jp.weathernews.com/internship/,Online Tech Internship,,,体験,,"【概要】
実際の課題・タスクに取り組む、就業型のプログラムです。はじめに、会社見学や事業内容、課題の理解を深めていただいたのち、実テーマで研究や開発業務にチャレンジしていただきます。期間終了時には成果発表、各部門からのフィードバックを実施します。社員・参加者との懇親会も予定しています。30年以上のサービス実績にもとづく気象と周辺ビジネスのビッグデータに触れ、開発成果をビジネスにつなげる体験を持ち帰ってください。

・データサイエンスコース
　水位予測、電力需要予測、商品売り上げ予測などを題材に、気象分野でのBtoBサービスとしてのデータ分析・情報提供を体験します。

・プロダクトマネジメントコース
　プロダクトを開発する上で計画から要件定義、プロトタイピングまでの一連の流れを10日間の実習を通して体験します。

開催方法： オンライン（ZoomまたはMeetを利用して行います）"
140,株式会社ZOZOテクノロジーズ,https://tech.zozo.com/recruit/2022intern/,いつでもどこでもインターン ~ONLINE INTERNSHIP 2022 NEW GRADUATE~,,,体験,,"【いつでもどこでもインターン】
いつでも、どこでも参加できるフルリモート「就業型インターン」です。
インターン応募期間は約１年間。
その間、好きなタイミングで、最長２週間参加することができます。
学校にいながら、実家にいながら、好きな時間に、好きな場所で、
フルリモートでも本番環境やデータに携わる経験ができる「案件リスト」をご用意しました。
"
141,株式会社ゆめみ,https://hrmos.co/pages/yumemi/jobs/0000502,世界的Ｗebサービスを手掛けるゆめみでiOSアプリ開発！,,iOS,体験,Swift,"私たちゆめみは、日本の誰もが知る大手企業からの依頼を受けて、Webサービスを始め、圧倒的なダウンロード数を誇るスマホアプリ開発も行っています。

今回はそうしたスマホアプリ開発プロジェクトに参加し、エンジニアとしての業務を体験して頂きます！
今回のプログラムは、iOSスマホアプリの開発インターン。
iOS Swift の開発経験ある方が対象となります。（インターン生には、アプリ専門チームに入り、キャッシュレス決済アプリやマッチングアプリなど様々なアプリの開発を行なっていただきます）

多数の優秀なエンジニアも在籍、エンジニアのスキルアップも積極的にサポートしながら、社外研修などで新たに習得した技術などは社内SNSで共有されるので、インターン生一緒に勉強可能です。
一流のITエンジニアに求められる保守性、拡張性の高いコードの書き方を、コードレビューを通じて学んでみませんか？

プログラミングに集中して取り組みたい方、大手企業のアプリ開発にチャレンジしてみたい方、ITエンジニアリングやモノづくりが好きな方などなど、ぜひご参加お待ちしています！"
142,株式会社ゆめみ,https://hrmos.co/pages/yumemi/jobs/0000521,世界的Ｗebサービスを手掛けるゆめみでAndroidアプリ開発！,,,体験,Kotlin,"私たちゆめみは、日本の誰もが知る大手企業からの依頼を受けて、Webサービスを始め、圧倒的なダウンロード数を誇るスマホアプリ開発も行っています。

今回はそうしたスマホアプリ開発プロジェクトに参加し、エンジニアとしての業務を体験して頂きます！
今回のプログラムは、Androidスマホアプリの開発インターン。
Android Kotlinの開発経験ある方が対象となります。（インターン生には、アプリ専門チームに入り、キャッシュレス決済アプリやマッチングアプリなど様々なアプリの開発を行なっていただきます）

多数の優秀なエンジニアも在籍、エンジニアのスキルアップも積極的にサポートしながら、社外研修などで新たに習得した技術などは社内SNSで共有されるので、インターン生一緒に勉強可能です。
一流のITエンジニアに求められる保守性、拡張性の高いコードの書き方を、コードレビューを通じて学んでみませんか？

プログラミングに集中して取り組みたい方、大手企業のアプリ開発にチャレンジしてみたい方、ITエンジニアリングやモノづくりが好きな方などなど、ぜひご参加お待ちしています！"
143,株式会社ミクシィ,https://mixi-recruit.snar.jp/jobboard/detail.aspx?id=u9bViH4HG1Y2bJJ-QfCxkw,【1day】TDD challenge #5 ONLINE （テスト駆動開発ワークショップ）,,,体験,,"ミクシィの新入社員研修で、毎年受講者から大変好評の「テスト駆動開発研修」のコンテンツを、
「TDD challenge」と題して、ご提供する特別な1day技術ワークショップを今回はオンライン形式で開催します。

*TDD=test-driven development

テスト／設計については学ぶ機会が少ないですが、実際のサービス開発では必要になります。現場エンジニア社員の講師・チューターのサポートを受けながら、ペアプログラミングを通してスキルアップを目指しましょう！"
144,株式会社ゆめみ,https://hrmos.co/pages/yumemi/jobs/0000523,最前線で活躍するエンジニアと共に、開発を体験！,,,体験,,"私たちゆめみは、日本の誰もが知る大手企業からの依頼を受けて、Webサービスを始め、圧倒的なダウンロード数を誇るスマホアプリ開発も行っています。

今回は最前線で活躍するエンジニアと共に、開発を体験して頂きます！
今回のプログラムはAPI仕様を理解した上でのAPI設計やCI構築など、多数の優秀なエンジニアも在籍、エンジニアのスキルアップも積極的にサポートしながら、社外研修などで新たに習得した技術などは社内SNSで共有されるので、インターン生一緒に勉強可能です。
一流のITエンジニアに求められる保守性、拡張性の高いコードの書き方を、コードレビューを通じて学んでみませんか？

プログラミングに集中して取り組みたい方、大手企業のアプリ開発にチャレンジしてみたい方、ITエンジニアリングやモノづくりが好きな方などなど、ぜひご参加お待ちしています！"
